state,year,governor_party,lower_chamber_majority_party,upper_chamber_majority_party,rep_trifecta,source,source_url
AK,2004,Republican,Republican,Republican,1,Ballotpedia_component_history_retrieved_2026-08-23,https://ballotpedia.org/State_government_trifectas
AK,2005,Republican,Republican,Republican,1,Ballotpedia_component_history_retrieved_2026-08-23,https://ballotpedia.org/State_government_trifectas
AK,2006,Republican,Republican,Republican,1,Ballotpedia_component_history_retrieved_2026-08-23,https://ballotpedia.org/State_government_trifectas
AK,2007,Republican,Republican,Democratic,0,Ballotpedia_component_history_retrieved_2026-08-23,https://ballotpedia.org/State_government_trifectas
AK,2008,Republican,Republican,Democratic,0,Ballotpedia_component_history_retrieved_2026-08-23,https://ballotpedia.org/State_government_trifectas
AK,2009,Republican,Republican,Democratic,0,Ballotpedia_component_history_retrieved_2026-08-23,https://ballotpedia.org/State_government_trifectas
AK,2010,Republican,Republican,Democratic,0,Ballotpedia_component_history_retrieved_2026-08-23,https://ballotpedia.org/State_government_trifectas
AK,2011,Republican,Republican,Democratic,0,Ballotpedia_component_history_retrieved_2026-08-23,https://ballotpedia.org/State_government_trifectas
AK,2012,Republican,Republican,Democratic,0,Ballotpedia_component_history_retrieved_2026-08-23,https://ballotpedia.org/State_government_trifectas
AK,2013,Republican,Republican,Republican,1,Ballotpedia_component_history_retrieved_2026-08-23,https://ballotpedia.org/State_government_trifectas
AK,2014,Republican,Republican,Republican,1,Ballotpedia_component_history_retrieved_2026-08-23,https://ballotpedia.org/State_government_trifectas
AK,2015,Independent,Republican,Republican,0,Ballotpedia_component_history_retrieved_2026-08-23,https://ballotpedia.org/State_government_trifectas
AK,2016,Independent,Republican,Republican,0,Ballotpedia_component_history_retrieved_2026-08-23,https://ballotpedia.org/State_government_trifectas
AK,2017,Independent,Democratic,Republican,0,Ballotpedia_component_history_retrieved_2026-08-23,https://ballotpedia.org/State_government_trifectas
AK,2018,Independent,Democratic,Republican,0,Ballotpedia_component_history_retrieved_2026-08-23,https://ballotpedia.org/State_government_trifectas
AK,2019,Republican,Split,Republican,0,Ballotpedia_component_history_retrieved_2026-08-23,https://ballotpedia.org/State_government_trifectas
AK,2020,Republican,Split,Republican,0,Ballotpedia_component_history_retrieved_2026-08-23,https://ballotpedia.org/State_government_trifectas
AK,2021,Republican,Split,Republican,0,Ballotpedia_component_history_retrieved_2026-08-23,https://ballotpedia.org/State_government_trifectas
AL,2004,Republican,Democratic,Democratic,0,Ballotpedia_component_history_retrieved_2026-08-23,https://ballotpedia.org/State_government_trifectas
AL,2005,Republican,Democratic,Democratic,0,Ballotpedia_component_history_retrieved_2026-08-23,https://ballotpedia.org/State_government_trifectas
AL,2006,Republican,Democratic,Democratic,0,Ballotpedia_component_history_retrieved_2026-08-23,https://ballotpedia.org/State_government_trifectas
AL,2007,Republican,Democratic,Democratic,0,Ballotpedia_component_history_retrieved_2026-08-23,https://ballotpedia.org/State_government_trifectas
AL,2008,Republican,Democratic,Democratic,0,Ballotpedia_component_history_retrieved_2026-08-23,https://ballotpedia.org/State_government_trifectas
AL,2009,Republican,Democratic,Democratic,0,Ballotpedia_component_history_retrieved_2026-08-23,https://ballotpedia.org/State_government_trifectas
AL,2010,Republican,Democratic,Democratic,0,Ballotpedia_component_history_retrieved_2026-08-23,https://ballotpedia.org/State_government_trifectas
AL,2011,Republican,Republican,Republican,1,Ballotpedia_component_history_retrieved_2026-08-23,https://ballotpedia.org/State_government_trifectas
AL,2012,Republican,Republican,Republican,1,Ballotpedia_component_history_retrieved_2026-08-23,https://ballotpedia.org/State_government_trifectas
AL,2013,Republican,Republican,Republican,1,Ballotpedia_component_history_retrieved_2026-08-23,https://ballotpedia.org/State_government_trifectas
AL,2014,Republican,Republican,Republican,1,Ballotpedia_component_history_retrieved_2026-08-23,https://ballotpedia.org/State_government_trifectas
AL,2015,Republican,Republican,Republican,1,Ballotpedia_component_history_retrieved_2026-08-23,https://ballotpedia.org/State_government_trifectas
AL,2016,Republican,Republican,Republican,1,Ballotpedia_component_history_retrieved_2026-08-23,https://ballotpedia.org/State_government_trifectas
AL,2017,Republican,Republican,Republican,1,Ballotpedia_component_history_retrieved_2026-08-23,https://ballotpedia.org/State_government_trifectas
AL,2018,Republican,Republican,Republican,1,Ballotpedia_component_history_retrieved_2026-08-23,https://ballotpedia.org/State_government_trifectas
AL,2019,Republican,Republican,Republican,1,Ballotpedia_component_history_retrieved_2026-08-23,https://ballotpedia.org/State_government_trifectas
AL,2020,Republican,Republican,Republican,1,Ballotpedia_component_history_retrieved_2026-08-23,https://ballotpedia.org/State_government_trifectas
AL,2021,Republican,Republican,Republican,1,Ballotpedia_component_history_retrieved_2026-08-23,https://ballotpedia.org/State_government_trifectas
AR,2004,Republican,Democratic,Democratic,0,Ballotpedia_component_history_retrieved_2026-08-23,https://ballotpedia.org/State_government_trifectas
AR,2005,Republican,Democratic,Democratic,0,Ballotpedia_component_history_retrieved_2026-08-23,https://ballotpedia.org/State_government_trifectas
AR,2006,Republican,Democratic,Democratic,0,Ballotpedia_component_history_retrieved_2026-08-23,https://ballotpedia.org/State_government_trifectas
AR,2007,Democratic,Democratic,Democratic,0,Ballotpedia_component_history_retrieved_2026-08-23,https://ballotpedia.org/State_government_trifectas
AR,2008,Democratic,Democratic,Democratic,0,Ballotpedia_component_history_retrieved_2026-08-23,https://ballotpedia.org/State_government_trifectas
AR,2009,Democratic,Democratic,Democratic,0,Ballotpedia_component_history_retrieved_2026-08-23,https://ballotpedia.org/State_government_trifectas
AR,2010,Democratic,Democratic,Democratic,0,Ballotpedia_component_history_retrieved_2026-08-23,https://ballotpedia.org/State_government_trifectas
AR,2011,Democratic,Democratic,Democratic,0,Ballotpedia_component_history_retrieved_2026-08-23,https://ballotpedia.org/State_government_trifectas
AR,2012,Democratic,Democratic,Democratic,0,Ballotpedia_component_history_retrieved_2026-08-23,https://ballotpedia.org/State_government_trifectas
AR,2013,Democratic,Republican,Republican,0,Ballotpedia_component_history_retrieved_2026-08-23,https://ballotpedia.org/State_government_trifectas
AR,2014,Democratic,Republican,Republican,0,Ballotpedia_component_history_retrieved_2026-08-23,https://ballotpedia.org/State_government_trifectas
AR,2015,Republican,Republican,Republican,1,Ballotpedia_component_history_retrieved_2026-08-23,https://ballotpedia.org/State_government_trifectas
AR,2016,Republican,Republican,Republican,1,Ballotpedia_component_history_retrieved_2026-08-23,https://ballotpedia.org/State_government_trifectas
AR,2017,Republican,Republican,Republican,1,Ballotpedia_component_history_retrieved_2026-08-23,https://ballotpedia.org/State_government_trifectas
AR,2018,Republican,Republican,Republican,1,Ballotpedia_component_history_retrieved_2026-08-23,https://ballotpedia.org/State_government_trifectas
AR,2019,Republican,Republican,Republican,1,Ballotpedia_component_history_retrieved_2026-08-23,https://ballotpedia.org/State_government_trifectas
AR,2020,Republican,Republican,Republican,1,Ballotpedia_component_history_retrieved_2026-08-23,https://ballotpedia.org/State_government_trifectas
AR,2021,Republican,Republican,Republican,1,Ballotpedia_component_history_retrieved_2026-08-23,https://ballotpedia.org/State_government_trifectas
AZ,2004,Democratic,Republican,Republican,0,Ballotpedia_component_history_retrieved_2026-08-23,https://ballotpedia.org/State_government_trifectas
AZ,2005,Democratic,Republican,Republican,0,Ballotpedia_component_history_retrieved_2026-08-23,https://ballotpedia.org/State_government_trifectas
AZ,2006,Democratic,Republican,Republican,0,Ballotpedia_component_history_retrieved_2026-08-23,https://ballotpedia.org/State_government_trifectas
AZ,2007,Democratic,Republican,Republican,0,Ballotpedia_component_history_retrieved_2026-08-23,https://ballotpedia.org/State_government_trifectas
AZ,2008,Democratic,Republican,Republican,0,Ballotpedia_component_history_retrieved_2026-08-23,https://ballotpedia.org/State_government_trifectas
AZ,2009,Republican,Republican,Republican,1,Ballotpedia_component_history_retrieved_2026-08-23,https://ballotpedia.org/State_government_trifectas
AZ,2010,Republican,Republican,Republican,1,Ballotpedia_component_history_retrieved_2026-08-23,https://ballotpedia.org/State_government_trifectas
AZ,2011,Republican,Republican,Republican,1,Ballotpedia_component_history_retrieved_2026-08-23,https://ballotpedia.org/State_government_trifectas
AZ,2012,Republican,Republican,Republican,1,Ballotpedia_component_history_retrieved_2026-08-23,https://ballotpedia.org/State_government_trifectas
AZ,2013,Republican,Republican,Republican,1,Ballotpedia_component_history_retrieved_2026-08-23,https://ballotpedia.org/State_government_trifectas
AZ,2014,Republican,Republican,Republican,1,Ballotpedia_component_history_retrieved_2026-08-23,https://ballotpedia.org/State_government_trifectas
AZ,2015,Republican,Republican,Republican,1,Ballotpedia_component_history_retrieved_2026-08-23,https://ballotpedia.org/State_government_trifectas
AZ,2016,Republican,Republican,Republican,1,Ballotpedia_component_history_retrieved_2026-08-23,https://ballotpedia.org/State_government_trifectas
AZ,2017,Republican,Republican,Republican,1,Ballotpedia_component_history_retrieved_2026-08-23,https://ballotpedia.org/State_government_trifectas
AZ,2018,Republican,Republican,Republican,1,Ballotpedia_component_history_retrieved_2026-08-23,https://ballotpedia.org/State_government_trifectas
AZ,2019,Republican,Republican,Republican,1,Ballotpedia_component_history_retrieved_2026-08-23,https://ballotpedia.org/State_government_trifectas
AZ,2020,Republican,Republican,Republican,1,Ballotpedia_component_history_retrieved_2026-08-23,https://ballotpedia.org/State_government_trifectas
AZ,2021,Republican,Republican,Republican,1,Ballotpedia_component_history_retrieved_2026-08-23,https://ballotpedia.org/State_government_trifectas
CA,2004,Republican,Democratic,Democratic,0,Ballotpedia_component_history_retrieved_2026-08-23,https://ballotpedia.org/State_government_trifectas
CA,2005,Republican,Democratic,Democratic,0,Ballotpedia_component_history_retrieved_2026-08-23,https://ballotpedia.org/State_government_trifectas
CA,2006,Republican,Democratic,Democratic,0,Ballotpedia_component_history_retrieved_2026-08-23,https://ballotpedia.org/State_government_trifectas
CA,2007,Republican,Democratic,Democratic,0,Ballotpedia_component_history_retrieved_2026-08-23,https://ballotpedia.org/State_government_trifectas
CA,2008,Republican,Democratic,Democratic,0,Ballotpedia_component_history_retrieved_2026-08-23,https://ballotpedia.org/State_government_trifectas
CA,2009,Republican,Democratic,Democratic,0,Ballotpedia_component_history_retrieved_2026-08-23,https://ballotpedia.org/State_government_trifectas
CA,2010,Republican,Democratic,Democratic,0,Ballotpedia_component_history_retrieved_2026-08-23,https://ballotpedia.org/State_government_trifectas
CA,2011,Democratic,Democratic,Democratic,0,Ballotpedia_component_history_retrieved_2026-08-23,https://ballotpedia.org/State_government_trifectas
CA,2012,Democratic,Democratic,Democratic,0,Ballotpedia_component_history_retrieved_2026-08-23,https://ballotpedia.org/State_government_trifectas
CA,2013,Democratic,Democratic,Democratic,0,Ballotpedia_component_history_retrieved_2026-08-23,https://ballotpedia.org/State_government_trifectas
CA,2014,Democratic,Democratic,Democratic,0,Ballotpedia_component_history_retrieved_2026-08-23,https://ballotpedia.org/State_government_trifectas
CA,2015,Democratic,Democratic,Democratic,0,Ballotpedia_component_history_retrieved_2026-08-23,https://ballotpedia.org/State_government_trifectas
CA,2016,Democratic,Democratic,Democratic,0,Ballotpedia_component_history_retrieved_2026-08-23,https://ballotpedia.org/State_government_trifectas
CA,2017,Democratic,Democratic,Democratic,0,Ballotpedia_component_history_retrieved_2026-08-23,https://ballotpedia.org/State_government_trifectas
CA,2018,Democratic,Democratic,Democratic,0,Ballotpedia_component_history_retrieved_2026-08-23,https://ballotpedia.org/State_government_trifectas
CA,2019,Democratic,Democratic,Democratic,0,Ballotpedia_component_history_retrieved_2026-08-23,https://ballotpedia.org/State_government_trifectas
CA,2020,Democratic,Democratic,Democratic,0,Ballotpedia_component_history_retrieved_2026-08-23,https://ballotpedia.org/State_government_trifectas
CA,2021,Democratic,Democratic,Democratic,0,Ballotpedia_component_history_retrieved_2026-08-23,https://ballotpedia.org/State_government_trifectas
CO,2004,Republican,Republican,Republican,1,Ballotpedia_component_history_retrieved_2026-08-23,https://ballotpedia.org/State_government_trifectas
CO,2005,Republican,Democratic,Democratic,0,Ballotpedia_component_history_retrieved_2026-08-23,https://ballotpedia.org/State_government_trifectas
CO,2006,Republican,Democratic,Democratic,0,Ballotpedia_component_history_retrieved_2026-08-23,https://ballotpedia.org/State_government_trifectas
CO,2007,Democratic,Democratic,Democratic,0,Ballotpedia_component_history_retrieved_2026-08-23,https://ballotpedia.org/State_government_trifectas
CO,2008,Democratic,Democratic,Democratic,0,Ballotpedia_component_history_retrieved_2026-08-23,https://ballotpedia.org/State_government_trifectas
CO,2009,Democratic,Democratic,Democratic,0,Ballotpedia_component_history_retrieved_2026-08-23,https://ballotpedia.org/State_government_trifectas
CO,2010,Democratic,Democratic,Democratic,0,Ballotpedia_component_history_retrieved_2026-08-23,https://ballotpedia.org/State_government_trifectas
CO,2011,Democratic,Republican,Democratic,0,Ballotpedia_component_history_retrieved_2026-08-23,https://ballotpedia.org/State_government_trifectas
CO,2012,Democratic,Republican,Democratic,0,Ballotpedia_component_history_retrieved_2026-08-23,https://ballotpedia.org/State_government_trifectas
CO,2013,Democratic,Democratic,Democratic,0,Ballotpedia_component_history_retrieved_2026-08-23,https://ballotpedia.org/State_government_trifectas
CO,2014,Democratic,Democratic,Democratic,0,Ballotpedia_component_history_retrieved_2026-08-23,https://ballotpedia.org/State_government_trifectas
CO,2015,Democratic,Democratic,Republican,0,Ballotpedia_component_history_retrieved_2026-08-23,https://ballotpedia.org/State_government_trifectas
CO,2016,Democratic,Democratic,Republican,0,Ballotpedia_component_history_retrieved_2026-08-23,https://ballotpedia.org/State_government_trifectas
CO,2017,Democratic,Democratic,Republican,0,Ballotpedia_component_history_retrieved_2026-08-23,https://ballotpedia.org/State_government_trifectas
CO,2018,Democratic,Democratic,Republican,0,Ballotpedia_component_history_retrieved_2026-08-23,https://ballotpedia.org/State_government_trifectas
CO,2019,Democratic,Democratic,Democratic,0,Ballotpedia_component_history_retrieved_2026-08-23,https://ballotpedia.org/State_government_trifectas
CO,2020,Democratic,Democratic,Democratic,0,Ballotpedia_component_history_retrieved_2026-08-23,https://ballotpedia.org/State_government_trifectas
CO,2021,Democratic,Democratic,Democratic,0,Ballotpedia_component_history_retrieved_2026-08-23,https://ballotpedia.org/State_government_trifectas
CT,2004,Republican,Democratic,Democratic,0,Ballotpedia_component_history_retrieved_2026-08-23,https://ballotpedia.org/State_government_trifectas
CT,2005,Republican,Democratic,Democratic,0,Ballotpedia_component_history_retrieved_2026-08-23,https://ballotpedia.org/State_government_trifectas
CT,2006,Republican,Democratic,Democratic,0,Ballotpedia_component_history_retrieved_2026-08-23,https://ballotpedia.org/State_government_trifectas
CT,2007,Republican,Democratic,Democratic,0,Ballotpedia_component_history_retrieved_2026-08-23,https://ballotpedia.org/State_government_trifectas
CT,2008,Republican,Democratic,Democratic,0,Ballotpedia_component_history_retrieved_2026-08-23,https://ballotpedia.org/State_government_trifectas
CT,2009,Republican,Democratic,Democratic,0,Ballotpedia_component_history_retrieved_2026-08-23,https://ballotpedia.org/State_government_trifectas
CT,2010,Republican,Democratic,Democratic,0,Ballotpedia_component_history_retrieved_2026-08-23,https://ballotpedia.org/State_government_trifectas
CT,2011,Democratic,Democratic,Democratic,0,Ballotpedia_component_history_retrieved_2026-08-23,https://ballotpedia.org/State_government_trifectas
CT,2012,Democratic,Democratic,Democratic,0,Ballotpedia_component_history_retrieved_2026-08-23,https://ballotpedia.org/State_government_trifectas
CT,2013,Democratic,Democratic,Democratic,0,Ballotpedia_component_history_retrieved_2026-08-23,https://ballotpedia.org/State_government_trifectas
CT,2014,Democratic,Democratic,Democratic,0,Ballotpedia_component_history_retrieved_2026-08-23,https://ballotpedia.org/State_government_trifectas
CT,2015,Democratic,Democratic,Democratic,0,Ballotpedia_component_history_retrieved_2026-08-23,https://ballotpedia.org/State_government_trifectas
CT,2016,Democratic,Democratic,Democratic,0,Ballotpedia_component_history_retrieved_2026-08-23,https://ballotpedia.org/State_government_trifectas
CT,2017,Democratic,Democratic,Democratic,0,Ballotpedia_component_history_retrieved_2026-08-23,https://ballotpedia.org/State_government_trifectas
CT,2018,Democratic,Democratic,Democratic,0,Ballotpedia_component_history_retrieved_2026-08-23,https://ballotpedia.org/State_government_trifectas
CT,2019,Democratic,Democratic,Democratic,0,Ballotpedia_component_history_retrieved_2026-08-23,https://ballotpedia.org/State_government_trifectas
CT,2020,Democratic,Democratic,Democratic,0,Ballotpedia_component_history_retrieved_2026-08-23,https://ballotpedia.org/State_government_trifectas
CT,2021,Democratic,Democratic,Democratic,0,Ballotpedia_component_history_retrieved_2026-08-23,https://ballotpedia.org/State_government_trifectas
DC,2004,Democratic,Democratic,Democratic,0,Task_DC_override_with_NCSL_definition_retrieved_2026-08-23,https://www.ncsl.org/about-state-legislatures/state-partisan-composition
DC,2005,Democratic,Democratic,Democratic,0,Task_DC_override_with_NCSL_definition_retrieved_2026-08-23,https://www.ncsl.org/about-state-legislatures/state-partisan-composition
DC,2006,Democratic,Democratic,Democratic,0,Task_DC_override_with_NCSL_definition_retrieved_2026-08-23,https://www.ncsl.org/about-state-legislatures/state-partisan-composition
DC,2007,Democratic,Democratic,Democratic,0,Task_DC_override_with_NCSL_definition_retrieved_2026-08-23,https://www.ncsl.org/about-state-legislatures/state-partisan-composition
DC,2008,Democratic,Democratic,Democratic,0,Task_DC_override_with_NCSL_definition_retrieved_2026-08-23,https://www.ncsl.org/about-state-legislatures/state-partisan-composition
DC,2009,Democratic,Democratic,Democratic,0,Task_DC_override_with_NCSL_definition_retrieved_2026-08-23,https://www.ncsl.org/about-state-legislatures/state-partisan-composition
DC,2010,Democratic,Democratic,Democratic,0,Task_DC_override_with_NCSL_definition_retrieved_2026-08-23,https://www.ncsl.org/about-state-legislatures/state-partisan-composition
DC,2011,Democratic,Democratic,Democratic,0,Task_DC_override_with_NCSL_definition_retrieved_2026-08-23,https://www.ncsl.org/about-state-legislatures/state-partisan-composition
DC,2012,Democratic,Democratic,Democratic,0,Task_DC_override_with_NCSL_definition_retrieved_2026-08-23,https://www.ncsl.org/about-state-legislatures/state-partisan-composition
DC,2013,Democratic,Democratic,Democratic,0,Task_DC_override_with_NCSL_definition_retrieved_2026-08-23,https://www.ncsl.org/about-state-legislatures/state-partisan-composition
DC,2014,Democratic,Democratic,Democratic,0,Task_DC_override_with_NCSL_definition_retrieved_2026-08-23,https://www.ncsl.org/about-state-legislatures/state-partisan-composition
DC,2015,Democratic,Democratic,Democratic,0,Task_DC_override_with_NCSL_definition_retrieved_2026-08-23,https://www.ncsl.org/about-state-legislatures/state-partisan-composition
DC,2016,Democratic,Democratic,Democratic,0,Task_DC_override_with_NCSL_definition_retrieved_2026-08-23,https://www.ncsl.org/about-state-legislatures/state-partisan-composition
DC,2017,Democratic,Democratic,Democratic,0,Task_DC_override_with_NCSL_definition_retrieved_2026-08-23,https://www.ncsl.org/about-state-legislatures/state-partisan-composition
DC,2018,Democratic,Democratic,Democratic,0,Task_DC_override_with_NCSL_definition_retrieved_2026-08-23,https://www.ncsl.org/about-state-legislatures/state-partisan-composition
DC,2019,Democratic,Democratic,Democratic,0,Task_DC_override_with_NCSL_definition_retrieved_2026-08-23,https://www.ncsl.org/about-state-legislatures/state-partisan-composition
DC,2020,Democratic,Democratic,Democratic,0,Task_DC_override_with_NCSL_definition_retrieved_2026-08-23,https://www.ncsl.org/about-state-legislatures/state-partisan-composition
DC,2021,Democratic,Democratic,Democratic,0,Task_DC_override_with_NCSL_definition_retrieved_2026-08-23,https://www.ncsl.org/about-state-legislatures/state-partisan-composition
DE,2004,Democratic,Republican,Democratic,0,Ballotpedia_component_history_retrieved_2026-08-23,https://ballotpedia.org/State_government_trifectas
DE,2005,Democratic,Republican,Democratic,0,Ballotpedia_component_history_retrieved_2026-08-23,https://ballotpedia.org/State_government_trifectas
DE,2006,Democratic,Republican,Democratic,0,Ballotpedia_component_history_retrieved_2026-08-23,https://ballotpedia.org/State_government_trifectas
DE,2007,Democratic,Republican,Democratic,0,Ballotpedia_component_history_retrieved_2026-08-23,https://ballotpedia.org/State_government_trifectas
DE,2008,Democratic,Republican,Democratic,0,Ballotpedia_component_history_retrieved_2026-08-23,https://ballotpedia.org/State_government_trifectas
DE,2009,Democratic,Democratic,Democratic,0,Ballotpedia_component_history_retrieved_2026-08-23,https://ballotpedia.org/State_government_trifectas
DE,2010,Democratic,Democratic,Democratic,0,Ballotpedia_component_history_retrieved_2026-08-23,https://ballotpedia.org/State_government_trifectas
DE,2011,Democratic,Democratic,Democratic,0,Ballotpedia_component_history_retrieved_2026-08-23,https://ballotpedia.org/State_government_trifectas
DE,2012,Democratic,Democratic,Democratic,0,Ballotpedia_component_history_retrieved_2026-08-23,https://ballotpedia.org/State_government_trifectas
DE,2013,Democratic,Democratic,Democratic,0,Ballotpedia_component_history_retrieved_2026-08-23,https://ballotpedia.org/State_government_trifectas
DE,2014,Democratic,Democratic,Democratic,0,Ballotpedia_component_history_retrieved_2026-08-23,https://ballotpedia.org/State_government_trifectas
DE,2015,Democratic,Democratic,Democratic,0,Ballotpedia_component_history_retrieved_2026-08-23,https://ballotpedia.org/State_government_trifectas
DE,2016,Democratic,Democratic,Democratic,0,Ballotpedia_component_history_retrieved_2026-08-23,https://ballotpedia.org/State_government_trifectas
DE,2017,Democratic,Democratic,Democratic,0,Ballotpedia_component_history_retrieved_2026-08-23,https://ballotpedia.org/State_government_trifectas
DE,2018,Democratic,Democratic,Democratic,0,Ballotpedia_component_history_retrieved_2026-08-23,https://ballotpedia.org/State_government_trifectas
DE,2019,Democratic,Democratic,Democratic,0,Ballotpedia_component_history_retrieved_2026-08-23,https://ballotpedia.org/State_government_trifectas
DE,2020,Democratic,Democratic,Democratic,0,Ballotpedia_component_history_retrieved_2026-08-23,https://ballotpedia.org/State_government_trifectas
DE,2021,Democratic,Democratic,Democratic,0,Ballotpedia_component_history_retrieved_2026-08-23,https://ballotpedia.org/State_government_trifectas
FL,2004,Republican,Republican,Republican,1,Ballotpedia_component_history_retrieved_2026-08-23,https://ballotpedia.org/State_government_trifectas
FL,2005,Republican,Republican,Republican,1,Ballotpedia_component_history_retrieved_2026-08-23,https://ballotpedia.org/State_government_trifectas
FL,2006,Republican,Republican,Republican,1,Ballotpedia_component_history_retrieved_2026-08-23,https://ballotpedia.org/State_government_trifectas
FL,2007,Republican,Republican,Republican,1,Ballotpedia_component_history_retrieved_2026-08-23,https://ballotpedia.org/State_government_trifectas
FL,2008,Republican,Republican,Republican,1,Ballotpedia_component_history_retrieved_2026-08-23,https://ballotpedia.org/State_government_trifectas
FL,2009,Republican,Republican,Republican,1,Ballotpedia_component_history_retrieved_2026-08-23,https://ballotpedia.org/State_government_trifectas
FL,2010,Independent,Republican,Republican,0,Ballotpedia_component_history_retrieved_2026-08-23,https://ballotpedia.org/State_government_trifectas
FL,2011,Republican,Republican,Republican,1,Ballotpedia_component_history_retrieved_2026-08-23,https://ballotpedia.org/State_government_trifectas
FL,2012,Republican,Republican,Republican,1,Ballotpedia_component_history_retrieved_2026-08-23,https://ballotpedia.org/State_government_trifectas
FL,2013,Republican,Republican,Republican,1,Ballotpedia_component_history_retrieved_2026-08-23,https://ballotpedia.org/State_government_trifectas
FL,2014,Republican,Republican,Republican,1,Ballotpedia_component_history_retrieved_2026-08-23,https://ballotpedia.org/State_government_trifectas
FL,2015,Republican,Republican,Republican,1,Ballotpedia_component_history_retrieved_2026-08-23,https://ballotpedia.org/State_government_trifectas
FL,2016,Republican,Republican,Republican,1,Ballotpedia_component_history_retrieved_2026-08-23,https://ballotpedia.org/State_government_trifectas
FL,2017,Republican,Republican,Republican,1,Ballotpedia_component_history_retrieved_2026-08-23,https://ballotpedia.org/State_government_trifectas
FL,2018,Republican,Republican,Republican,1,Ballotpedia_component_history_retrieved_2026-08-23,https://ballotpedia.org/State_government_trifectas
FL,2019,Republican,Republican,Republican,1,Ballotpedia_component_history_retrieved_2026-08-23,https://ballotpedia.org/State_government_trifectas
FL,2020,Republican,Republican,Republican,1,Ballotpedia_component_history_retrieved_2026-08-23,https://ballotpedia.org/State_government_trifectas
FL,2021,Republican,Republican,Republican,1,Ballotpedia_component_history_retrieved_2026-08-23,https://ballotpedia.org/State_government_trifectas
GA,2004,Republican,Democratic,Republican,0,Ballotpedia_component_history_retrieved_2026-08-23,https://ballotpedia.org/State_government_trifectas
GA,2005,Republican,Republican,Republican,1,Ballotpedia_component_history_retrieved_2026-08-23,https://ballotpedia.org/State_government_trifectas
GA,2006,Republican,Republican,Republican,1,Ballotpedia_component_history_retrieved_2026-08-23,https://ballotpedia.org/State_government_trifectas
GA,2007,Republican,Republican,Republican,1,Ballotpedia_component_history_retrieved_2026-08-23,https://ballotpedia.org/State_government_trifectas
GA,2008,Republican,Republican,Republican,1,Ballotpedia_component_history_retrieved_2026-08-23,https://ballotpedia.org/State_government_trifectas
GA,2009,Republican,Republican,Republican,1,Ballotpedia_component_history_retrieved_2026-08-23,https://ballotpedia.org/State_government_trifectas
GA,2010,Republican,Republican,Republican,1,Ballotpedia_component_history_retrieved_2026-08-23,https://ballotpedia.org/State_government_trifectas
GA,2011,Republican,Republican,Republican,1,Ballotpedia_component_history_retrieved_2026-08-23,https://ballotpedia.org/State_government_trifectas
GA,2012,Republican,Republican,Republican,1,Ballotpedia_component_history_retrieved_2026-08-23,https://ballotpedia.org/State_government_trifectas
GA,2013,Republican,Republican,Republican,1,Ballotpedia_component_history_retrieved_2026-08-23,https://ballotpedia.org/State_government_trifectas
GA,2014,Republican,Republican,Republican,1,Ballotpedia_component_history_retrieved_2026-08-23,https://ballotpedia.org/State_government_trifectas
GA,2015,Republican,Republican,Republican,1,Ballotpedia_component_history_retrieved_2026-08-23,https://ballotpedia.org/State_government_trifectas
GA,2016,Republican,Republican,Republican,1,Ballotpedia_component_history_retrieved_2026-08-23,https://ballotpedia.org/State_government_trifectas
GA,2017,Republican,Republican,Republican,1,Ballotpedia_component_history_retrieved_2026-08-23,https://ballotpedia.org/State_government_trifectas
GA,2018,Republican,Republican,Republican,1,Ballotpedia_component_history_retrieved_2026-08-23,https://ballotpedia.org/State_government_trifectas
GA,2019,Republican,Republican,Republican,1,Ballotpedia_component_history_retrieved_2026-08-23,https://ballotpedia.org/State_government_trifectas
GA,2020,Republican,Republican,Republican,1,Ballotpedia_component_history_retrieved_2026-08-23,https://ballotpedia.org/State_government_trifectas
GA,2021,Republican,Republican,Republican,1,Ballotpedia_component_history_retrieved_2026-08-23,https://ballotpedia.org/State_government_trifectas
HI,2004,Republican,Democratic,Democratic,0,Ballotpedia_component_history_retrieved_2026-08-23,https://ballotpedia.org/State_government_trifectas
HI,2005,Republican,Democratic,Democratic,0,Ballotpedia_component_history_retrieved_2026-08-23,https://ballotpedia.org/State_government_trifectas
HI,2006,Republican,Democratic,Democratic,0,Ballotpedia_component_history_retrieved_2026-08-23,https://ballotpedia.org/State_government_trifectas
HI,2007,Republican,Democratic,Democratic,0,Ballotpedia_component_history_retrieved_2026-08-23,https://ballotpedia.org/State_government_trifectas
HI,2008,Republican,Democratic,Democratic,0,Ballotpedia_component_history_retrieved_2026-08-23,https://ballotpedia.org/State_government_trifectas
HI,2009,Republican,Democratic,Democratic,0,Ballotpedia_component_history_retrieved_2026-08-23,https://ballotpedia.org/State_government_trifectas
HI,2010,Republican,Democratic,Democratic,0,Ballotpedia_component_history_retrieved_2026-08-23,https://ballotpedia.org/State_government_trifectas
HI,2011,Democratic,Democratic,Democratic,0,Ballotpedia_component_history_retrieved_2026-08-23,https://ballotpedia.org/State_government_trifectas
HI,2012,Democratic,Democratic,Democratic,0,Ballotpedia_component_history_retrieved_2026-08-23,https://ballotpedia.org/State_government_trifectas
HI,2013,Democratic,Democratic,Democratic,0,Ballotpedia_component_history_retrieved_2026-08-23,https://ballotpedia.org/State_government_trifectas
HI,2014,Democratic,Democratic,Democratic,0,Ballotpedia_component_history_retrieved_2026-08-23,https://ballotpedia.org/State_government_trifectas
HI,2015,Democratic,Democratic,Democratic,0,Ballotpedia_component_history_retrieved_2026-08-23,https://ballotpedia.org/State_government_trifectas
HI,2016,Democratic,Democratic,Democratic,0,Ballotpedia_component_history_retrieved_2026-08-23,https://ballotpedia.org/State_government_trifectas
HI,2017,Democratic,Democratic,Democratic,0,Ballotpedia_component_history_retrieved_2026-08-23,https://ballotpedia.org/State_government_trifectas
HI,2018,Democratic,Democratic,Democratic,0,Ballotpedia_component_history_retrieved_2026-08-23,https://ballotpedia.org/State_government_trifectas
HI,2019,Democratic,Democratic,Democratic,0,Ballotpedia_component_history_retrieved_2026-08-23,https://ballotpedia.org/State_government_trifectas
HI,2020,Democratic,Democratic,Democratic,0,Ballotpedia_component_history_retrieved_2026-08-23,https://ballotpedia.org/State_government_trifectas
HI,2021,Democratic,Democratic,Democratic,0,Ballotpedia_component_history_retrieved_2026-08-23,https://ballotpedia.org/State_government_trifectas
IA,2004,Democratic,Republican,Republican,0,Ballotpedia_component_history_retrieved_2026-08-23,https://ballotpedia.org/State_government_trifectas
IA,2005,Democratic,Republican,Split,0,Ballotpedia_component_history_retrieved_2026-08-23,https://ballotpedia.org/State_government_trifectas
IA,2006,Democratic,Republican,Split,0,Ballotpedia_component_history_retrieved_2026-08-23,https://ballotpedia.org/State_government_trifectas
IA,2007,Democratic,Democratic,Democratic,0,Ballotpedia_component_history_retrieved_2026-08-23,https://ballotpedia.org/State_government_trifectas
IA,2008,Democratic,Democratic,Democratic,0,Ballotpedia_component_history_retrieved_2026-08-23,https://ballotpedia.org/State_government_trifectas
IA,2009,Democratic,Democratic,Democratic,0,Ballotpedia_component_history_retrieved_2026-08-23,https://ballotpedia.org/State_government_trifectas
IA,2010,Democratic,Democratic,Democratic,0,Ballotpedia_component_history_retrieved_2026-08-23,https://ballotpedia.org/State_government_trifectas
IA,2011,Republican,Republican,Democratic,0,Ballotpedia_component_history_retrieved_2026-08-23,https://ballotpedia.org/State_government_trifectas
IA,2012,Republican,Republican,Democratic,0,Ballotpedia_component_history_retrieved_2026-08-23,https://ballotpedia.org/State_government_trifectas
IA,2013,Republican,Republican,Democratic,0,Ballotpedia_component_history_retrieved_2026-08-23,https://ballotpedia.org/State_government_trifectas
IA,2014,Republican,Republican,Democratic,0,Ballotpedia_component_history_retrieved_2026-08-23,https://ballotpedia.org/State_government_trifectas
IA,2015,Republican,Republican,Democratic,0,Ballotpedia_component_history_retrieved_2026-08-23,https://ballotpedia.org/State_government_trifectas
IA,2016,Republican,Republican,Democratic,0,Ballotpedia_component_history_retrieved_2026-08-23,https://ballotpedia.org/State_government_trifectas
IA,2017,Republican,Republican,Republican,1,Ballotpedia_component_history_retrieved_2026-08-23,https://ballotpedia.org/State_government_trifectas
IA,2018,Republican,Republican,Republican,1,Ballotpedia_component_history_retrieved_2026-08-23,https://ballotpedia.org/State_government_trifectas
IA,2019,Republican,Republican,Republican,1,Ballotpedia_component_history_retrieved_2026-08-23,https://ballotpedia.org/State_government_trifectas
IA,2020,Republican,Republican,Republican,1,Ballotpedia_component_history_retrieved_2026-08-23,https://ballotpedia.org/State_government_trifectas
IA,2021,Republican,Republican,Republican,1,Ballotpedia_component_history_retrieved_2026-08-23,https://ballotpedia.org/State_government_trifectas
ID,2004,Republican,Republican,Republican,1,Ballotpedia_component_history_retrieved_2026-08-23,https://ballotpedia.org/State_government_trifectas
ID,2005,Republican,Republican,Republican,1,Ballotpedia_component_history_retrieved_2026-08-23,https://ballotpedia.org/State_government_trifectas
ID,2006,Republican,Republican,Republican,1,Ballotpedia_component_history_retrieved_2026-08-23,https://ballotpedia.org/State_government_trifectas
ID,2007,Republican,Republican,Republican,1,Ballotpedia_component_history_retrieved_2026-08-23,https://ballotpedia.org/State_government_trifectas
ID,2008,Republican,Republican,Republican,1,Ballotpedia_component_history_retrieved_2026-08-23,https://ballotpedia.org/State_government_trifectas
ID,2009,Republican,Republican,Republican,1,Ballotpedia_component_history_retrieved_2026-08-23,https://ballotpedia.org/State_government_trifectas
ID,2010,Republican,Republican,Republican,1,Ballotpedia_component_history_retrieved_2026-08-23,https://ballotpedia.org/State_government_trifectas
ID,2011,Republican,Republican,Republican,1,Ballotpedia_component_history_retrieved_2026-08-23,https://ballotpedia.org/State_government_trifectas
ID,2012,Republican,Republican,Republican,1,Ballotpedia_component_history_retrieved_2026-08-23,https://ballotpedia.org/State_government_trifectas
ID,2013,Republican,Republican,Republican,1,Ballotpedia_component_history_retrieved_2026-08-23,https://ballotpedia.org/State_government_trifectas
ID,2014,Republican,Republican,Republican,1,Ballotpedia_component_history_retrieved_2026-08-23,https://ballotpedia.org/State_government_trifectas
ID,2015,Republican,Republican,Republican,1,Ballotpedia_component_history_retrieved_2026-08-23,https://ballotpedia.org/State_government_trifectas
ID,2016,Republican,Republican,Republican,1,Ballotpedia_component_history_retrieved_2026-08-23,https://ballotpedia.org/State_government_trifectas
ID,2017,Republican,Republican,Republican,1,Ballotpedia_component_history_retrieved_2026-08-23,https://ballotpedia.org/State_government_trifectas
ID,2018,Republican,Republican,Republican,1,Ballotpedia_component_history_retrieved_2026-08-23,https://ballotpedia.org/State_government_trifectas
ID,2019,Republican,Republican,Republican,1,Ballotpedia_component_history_retrieved_2026-08-23,https://ballotpedia.org/State_government_trifectas
ID,2020,Republican,Republican,Republican,1,Ballotpedia_component_history_retrieved_2026-08-23,https://ballotpedia.org/State_government_trifectas
ID,2021,Republican,Republican,Republican,1,Ballotpedia_component_history_retrieved_2026-08-23,https://ballotpedia.org/State_government_trifectas
IL,2004,Democratic,Democratic,Democratic,0,Ballotpedia_component_history_retrieved_2026-08-23,https://ballotpedia.org/State_government_trifectas
IL,2005,Democratic,Democratic,Democratic,0,Ballotpedia_component_history_retrieved_2026-08-23,https://ballotpedia.org/State_government_trifectas
IL,2006,Democratic,Democratic,Democratic,0,Ballotpedia_component_history_retrieved_2026-08-23,https://ballotpedia.org/State_government_trifectas
IL,2007,Democratic,Democratic,Democratic,0,Ballotpedia_component_history_retrieved_2026-08-23,https://ballotpedia.org/State_government_trifectas
IL,2008,Democratic,Democratic,Democratic,0,Ballotpedia_component_history_retrieved_2026-08-23,https://ballotpedia.org/State_government_trifectas
IL,2009,Democratic,Democratic,Democratic,0,Ballotpedia_component_history_retrieved_2026-08-23,https://ballotpedia.org/State_government_trifectas
IL,2010,Democratic,Democratic,Democratic,0,Ballotpedia_component_history_retrieved_2026-08-23,https://ballotpedia.org/State_government_trifectas
IL,2011,Democratic,Democratic,Democratic,0,Ballotpedia_component_history_retrieved_2026-08-23,https://ballotpedia.org/State_government_trifectas
IL,2012,Democratic,Democratic,Democratic,0,Ballotpedia_component_history_retrieved_2026-08-23,https://ballotpedia.org/State_government_trifectas
IL,2013,Democratic,Democratic,Democratic,0,Ballotpedia_component_history_retrieved_2026-08-23,https://ballotpedia.org/State_government_trifectas
IL,2014,Democratic,Democratic,Democratic,0,Ballotpedia_component_history_retrieved_2026-08-23,https://ballotpedia.org/State_government_trifectas
IL,2015,Republican,Democratic,Democratic,0,Ballotpedia_component_history_retrieved_2026-08-23,https://ballotpedia.org/State_government_trifectas
IL,2016,Republican,Democratic,Democratic,0,Ballotpedia_component_history_retrieved_2026-08-23,https://ballotpedia.org/State_government_trifectas
IL,2017,Republican,Democratic,Democratic,0,Ballotpedia_component_history_retrieved_2026-08-23,https://ballotpedia.org/State_government_trifectas
IL,2018,Republican,Democratic,Democratic,0,Ballotpedia_component_history_retrieved_2026-08-23,https://ballotpedia.org/State_government_trifectas
IL,2019,Democratic,Democratic,Democratic,0,Ballotpedia_component_history_retrieved_2026-08-23,https://ballotpedia.org/State_government_trifectas
IL,2020,Democratic,Democratic,Democratic,0,Ballotpedia_component_history_retrieved_2026-08-23,https://ballotpedia.org/State_government_trifectas
IL,2021,Democratic,Democratic,Democratic,0,Ballotpedia_component_history_retrieved_2026-08-23,https://ballotpedia.org/State_government_trifectas
IN,2004,Democratic,Democratic,Republican,0,Ballotpedia_component_history_retrieved_2026-08-23,https://ballotpedia.org/State_government_trifectas
IN,2005,Republican,Republican,Republican,1,Ballotpedia_component_history_retrieved_2026-08-23,https://ballotpedia.org/State_government_trifectas
IN,2006,Republican,Republican,Republican,1,Ballotpedia_component_history_retrieved_2026-08-23,https://ballotpedia.org/State_government_trifectas
IN,2007,Republican,Democratic,Republican,0,Ballotpedia_component_history_retrieved_2026-08-23,https://ballotpedia.org/State_government_trifectas
IN,2008,Republican,Democratic,Republican,0,Ballotpedia_component_history_retrieved_2026-08-23,https://ballotpedia.org/State_government_trifectas
IN,2009,Republican,Democratic,Republican,0,Ballotpedia_component_history_retrieved_2026-08-23,https://ballotpedia.org/State_government_trifectas
IN,2010,Republican,Democratic,Republican,0,Ballotpedia_component_history_retrieved_2026-08-23,https://ballotpedia.org/State_government_trifectas
IN,2011,Republican,Republican,Republican,1,Ballotpedia_component_history_retrieved_2026-08-23,https://ballotpedia.org/State_government_trifectas
IN,2012,Republican,Republican,Republican,1,Ballotpedia_component_history_retrieved_2026-08-23,https://ballotpedia.org/State_government_trifectas
IN,2013,Republican,Republican,Republican,1,Ballotpedia_component_history_retrieved_2026-08-23,https://ballotpedia.org/State_government_trifectas
IN,2014,Republican,Republican,Republican,1,Ballotpedia_component_history_retrieved_2026-08-23,https://ballotpedia.org/State_government_trifectas
IN,2015,Republican,Republican,Republican,1,Ballotpedia_component_history_retrieved_2026-08-23,https://ballotpedia.org/State_government_trifectas
IN,2016,Republican,Republican,Republican,1,Ballotpedia_component_history_retrieved_2026-08-23,https://ballotpedia.org/State_government_trifectas
IN,2017,Republican,Republican,Republican,1,Ballotpedia_component_history_retrieved_2026-08-23,https://ballotpedia.org/State_government_trifectas
IN,2018,Republican,Republican,Republican,1,Ballotpedia_component_history_retrieved_2026-08-23,https://ballotpedia.org/State_government_trifectas
IN,2019,Republican,Republican,Republican,1,Ballotpedia_component_history_retrieved_2026-08-23,https://ballotpedia.org/State_government_trifectas
IN,2020,Republican,Republican,Republican,1,Ballotpedia_component_history_retrieved_2026-08-23,https://ballotpedia.org/State_government_trifectas
IN,2021,Republican,Republican,Republican,1,Ballotpedia_component_history_retrieved_2026-08-23,https://ballotpedia.org/State_government_trifectas
KS,2004,Democratic,Republican,Republican,0,Ballotpedia_component_history_retrieved_2026-08-23,https://ballotpedia.org/State_government_trifectas
KS,2005,Democratic,Republican,Republican,0,Ballotpedia_component_history_retrieved_2026-08-23,https://ballotpedia.org/State_government_trifectas
KS,2006,Democratic,Republican,Republican,0,Ballotpedia_component_history_retrieved_2026-08-23,https://ballotpedia.org/State_government_trifectas
KS,2007,Democratic,Republican,Republican,0,Ballotpedia_component_history_retrieved_2026-08-23,https://ballotpedia.org/State_government_trifectas
KS,2008,Democratic,Republican,Republican,0,Ballotpedia_component_history_retrieved_2026-08-23,https://ballotpedia.org/State_government_trifectas
KS,2009,Democratic,Republican,Republican,0,Ballotpedia_component_history_retrieved_2026-08-23,https://ballotpedia.org/State_government_trifectas
KS,2010,Democratic,Republican,Republican,0,Ballotpedia_component_history_retrieved_2026-08-23,https://ballotpedia.org/State_government_trifectas
KS,2011,Republican,Republican,Republican,1,Ballotpedia_component_history_retrieved_2026-08-23,https://ballotpedia.org/State_government_trifectas
KS,2012,Republican,Republican,Republican,1,Ballotpedia_component_history_retrieved_2026-08-23,https://ballotpedia.org/State_government_trifectas
KS,2013,Republican,Republican,Republican,1,Ballotpedia_component_history_retrieved_2026-08-23,https://ballotpedia.org/State_government_trifectas
KS,2014,Republican,Republican,Republican,1,Ballotpedia_component_history_retrieved_2026-08-23,https://ballotpedia.org/State_government_trifectas
KS,2015,Republican,Republican,Republican,1,Ballotpedia_component_history_retrieved_2026-08-23,https://ballotpedia.org/State_government_trifectas
KS,2016,Republican,Republican,Republican,1,Ballotpedia_component_history_retrieved_2026-08-23,https://ballotpedia.org/State_government_trifectas
KS,2017,Republican,Republican,Republican,1,Ballotpedia_component_history_retrieved_2026-08-23,https://ballotpedia.org/State_government_trifectas
KS,2018,Republican,Republican,Republican,1,Ballotpedia_component_history_retrieved_2026-08-23,https://ballotpedia.org/State_government_trifectas
KS,2019,Democratic,Republican,Republican,0,Ballotpedia_component_history_retrieved_2026-08-23,https://ballotpedia.org/State_government_trifectas
KS,2020,Democratic,Republican,Republican,0,Ballotpedia_component_history_retrieved_2026-08-23,https://ballotpedia.org/State_government_trifectas
KS,2021,Democratic,Republican,Republican,0,Ballotpedia_component_history_retrieved_2026-08-23,https://ballotpedia.org/State_government_trifectas
KY,2004,Republican,Democratic,Republican,0,Ballotpedia_component_history_retrieved_2026-08-23,https://ballotpedia.org/State_government_trifectas
KY,2005,Republican,Democratic,Republican,0,Ballotpedia_component_history_retrieved_2026-08-23,https://ballotpedia.org/State_government_trifectas
KY,2006,Republican,Democratic,Republican,0,Ballotpedia_component_history_retrieved_2026-08-23,https://ballotpedia.org/State_government_trifectas
KY,2007,Republican,Democratic,Republican,0,Ballotpedia_component_history_retrieved_2026-08-23,https://ballotpedia.org/State_government_trifectas
KY,2008,Democratic,Democratic,Republican,0,Ballotpedia_component_history_retrieved_2026-08-23,https://ballotpedia.org/State_government_trifectas
KY,2009,Democratic,Democratic,Republican,0,Ballotpedia_component_history_retrieved_2026-08-23,https://ballotpedia.org/State_government_trifectas
KY,2010,Democratic,Democratic,Republican,0,Ballotpedia_component_history_retrieved_2026-08-23,https://ballotpedia.org/State_government_trifectas
KY,2011,Democratic,Democratic,Republican,0,Ballotpedia_component_history_retrieved_2026-08-23,https://ballotpedia.org/State_government_trifectas
KY,2012,Democratic,Democratic,Republican,0,Ballotpedia_component_history_retrieved_2026-08-23,https://ballotpedia.org/State_government_trifectas
KY,2013,Democratic,Democratic,Republican,0,Ballotpedia_component_history_retrieved_2026-08-23,https://ballotpedia.org/State_government_trifectas
KY,2014,Democratic,Democratic,Republican,0,Ballotpedia_component_history_retrieved_2026-08-23,https://ballotpedia.org/State_government_trifectas
KY,2015,Democratic,Democratic,Republican,0,Ballotpedia_component_history_retrieved_2026-08-23,https://ballotpedia.org/State_government_trifectas
KY,2016,Republican,Democratic,Republican,0,Ballotpedia_component_history_retrieved_2026-08-23,https://ballotpedia.org/State_government_trifectas
KY,2017,Republican,Republican,Republican,1,Ballotpedia_component_history_retrieved_2026-08-23,https://ballotpedia.org/State_government_trifectas
KY,2018,Republican,Republican,Republican,1,Ballotpedia_component_history_retrieved_2026-08-23,https://ballotpedia.org/State_government_trifectas
KY,2019,Republican,Republican,Republican,1,Ballotpedia_component_history_retrieved_2026-08-23,https://ballotpedia.org/State_government_trifectas
KY,2020,Democratic,Republican,Republican,0,Ballotpedia_component_history_retrieved_2026-08-23,https://ballotpedia.org/State_government_trifectas
KY,2021,Democratic,Republican,Republican,0,Ballotpedia_component_history_retrieved_2026-08-23,https://ballotpedia.org/State_government_trifectas
LA,2004,Democratic,Democratic,Democratic,0,Ballotpedia_component_history_retrieved_2026-08-23,https://ballotpedia.org/State_government_trifectas
LA,2005,Democratic,Democratic,Democratic,0,Ballotpedia_component_history_retrieved_2026-08-23,https://ballotpedia.org/State_government_trifectas
LA,2006,Democratic,Democratic,Democratic,0,Ballotpedia_component_history_retrieved_2026-08-23,https://ballotpedia.org/State_government_trifectas
LA,2007,Democratic,Democratic,Democratic,0,Ballotpedia_component_history_retrieved_2026-08-23,https://ballotpedia.org/State_government_trifectas
LA,2008,Republican,Democratic,Democratic,0,Ballotpedia_component_history_retrieved_2026-08-23,https://ballotpedia.org/State_government_trifectas
LA,2009,Republican,Democratic,Democratic,0,Ballotpedia_component_history_retrieved_2026-08-23,https://ballotpedia.org/State_government_trifectas
LA,2010,Republican,Democratic,Democratic,0,Ballotpedia_component_history_retrieved_2026-08-23,https://ballotpedia.org/State_government_trifectas
LA,2011,Republican,Republican,Republican,1,Ballotpedia_component_history_retrieved_2026-08-23,https://ballotpedia.org/State_government_trifectas
LA,2012,Republican,Republican,Republican,1,Ballotpedia_component_history_retrieved_2026-08-23,https://ballotpedia.org/State_government_trifectas
LA,2013,Republican,Republican,Republican,1,Ballotpedia_component_history_retrieved_2026-08-23,https://ballotpedia.org/State_government_trifectas
LA,2014,Republican,Republican,Republican,1,Ballotpedia_component_history_retrieved_2026-08-23,https://ballotpedia.org/State_government_trifectas
LA,2015,Republican,Republican,Republican,1,Ballotpedia_component_history_retrieved_2026-08-23,https://ballotpedia.org/State_government_trifectas
LA,2016,Democratic,Republican,Republican,0,Ballotpedia_component_history_retrieved_2026-08-23,https://ballotpedia.org/State_government_trifectas
LA,2017,Democratic,Republican,Republican,0,Ballotpedia_component_history_retrieved_2026-08-23,https://ballotpedia.org/State_government_trifectas
LA,2018,Democratic,Republican,Republican,0,Ballotpedia_component_history_retrieved_2026-08-23,https://ballotpedia.org/State_government_trifectas
LA,2019,Democratic,Republican,Republican,0,Ballotpedia_component_history_retrieved_2026-08-23,https://ballotpedia.org/State_government_trifectas
LA,2020,Democratic,Republican,Republican,0,Ballotpedia_component_history_retrieved_2026-08-23,https://ballotpedia.org/State_government_trifectas
LA,2021,Democratic,Republican,Republican,0,Ballotpedia_component_history_retrieved_2026-08-23,https://ballotpedia.org/State_government_trifectas
MA,2004,Republican,Democratic,Democratic,0,Ballotpedia_component_history_retrieved_2026-08-23,https://ballotpedia.org/State_government_trifectas
MA,2005,Republican,Democratic,Democratic,0,Ballotpedia_component_history_retrieved_2026-08-23,https://ballotpedia.org/State_government_trifectas
MA,2006,Republican,Democratic,Democratic,0,Ballotpedia_component_history_retrieved_2026-08-23,https://ballotpedia.org/State_government_trifectas
MA,2007,Democratic,Democratic,Democratic,0,Ballotpedia_component_history_retrieved_2026-08-23,https://ballotpedia.org/State_government_trifectas
MA,2008,Democratic,Democratic,Democratic,0,Ballotpedia_component_history_retrieved_2026-08-23,https://ballotpedia.org/State_government_trifectas
MA,2009,Democratic,Democratic,Democratic,0,Ballotpedia_component_history_retrieved_2026-08-23,https://ballotpedia.org/State_government_trifectas
MA,2010,Democratic,Democratic,Democratic,0,Ballotpedia_component_history_retrieved_2026-08-23,https://ballotpedia.org/State_government_trifectas
MA,2011,Democratic,Democratic,Democratic,0,Ballotpedia_component_history_retrieved_2026-08-23,https://ballotpedia.org/State_government_trifectas
MA,2012,Democratic,Democratic,Democratic,0,Ballotpedia_component_history_retrieved_2026-08-23,https://ballotpedia.org/State_government_trifectas
MA,2013,Democratic,Democratic,Democratic,0,Ballotpedia_component_history_retrieved_2026-08-23,https://ballotpedia.org/State_government_trifectas
MA,2014,Democratic,Democratic,Democratic,0,Ballotpedia_component_history_retrieved_2026-08-23,https://ballotpedia.org/State_government_trifectas
MA,2015,Republican,Democratic,Democratic,0,Ballotpedia_component_history_retrieved_2026-08-23,https://ballotpedia.org/State_government_trifectas
MA,2016,Republican,Democratic,Democratic,0,Ballotpedia_component_history_retrieved_2026-08-23,https://ballotpedia.org/State_government_trifectas
MA,2017,Republican,Democratic,Democratic,0,Ballotpedia_component_history_retrieved_2026-08-23,https://ballotpedia.org/State_government_trifectas
MA,2018,Republican,Democratic,Democratic,0,Ballotpedia_component_history_retrieved_2026-08-23,https://ballotpedia.org/State_government_trifectas
MA,2019,Republican,Democratic,Democratic,0,Ballotpedia_component_history_retrieved_2026-08-23,https://ballotpedia.org/State_government_trifectas
MA,2020,Republican,Democratic,Democratic,0,Ballotpedia_component_history_retrieved_2026-08-23,https://ballotpedia.org/State_government_trifectas
MA,2021,Republican,Democratic,Democratic,0,Ballotpedia_component_history_retrieved_2026-08-23,https://ballotpedia.org/State_government_trifectas
MD,2004,Republican,Democratic,Democratic,0,Ballotpedia_component_history_retrieved_2026-08-23,https://ballotpedia.org/State_government_trifectas
MD,2005,Republican,Democratic,Democratic,0,Ballotpedia_component_history_retrieved_2026-08-23,https://ballotpedia.org/State_government_trifectas
MD,2006,Republican,Democratic,Democratic,0,Ballotpedia_component_history_retrieved_2026-08-23,https://ballotpedia.org/State_government_trifectas
MD,2007,Democratic,Democratic,Democratic,0,Ballotpedia_component_history_retrieved_2026-08-23,https://ballotpedia.org/State_government_trifectas
MD,2008,Democratic,Democratic,Democratic,0,Ballotpedia_component_history_retrieved_2026-08-23,https://ballotpedia.org/State_government_trifectas
MD,2009,Democratic,Democratic,Democratic,0,Ballotpedia_component_history_retrieved_2026-08-23,https://ballotpedia.org/State_government_trifectas
MD,2010,Democratic,Democratic,Democratic,0,Ballotpedia_component_history_retrieved_2026-08-23,https://ballotpedia.org/State_government_trifectas
MD,2011,Democratic,Democratic,Democratic,0,Ballotpedia_component_history_retrieved_2026-08-23,https://ballotpedia.org/State_government_trifectas
MD,2012,Democratic,Democratic,Democratic,0,Ballotpedia_component_history_retrieved_2026-08-23,https://ballotpedia.org/State_government_trifectas
MD,2013,Democratic,Democratic,Democratic,0,Ballotpedia_component_history_retrieved_2026-08-23,https://ballotpedia.org/State_government_trifectas
MD,2014,Democratic,Democratic,Democratic,0,Ballotpedia_component_history_retrieved_2026-08-23,https://ballotpedia.org/State_government_trifectas
MD,2015,Republican,Democratic,Democratic,0,Ballotpedia_component_history_retrieved_2026-08-23,https://ballotpedia.org/State_government_trifectas
MD,2016,Republican,Democratic,Democratic,0,Ballotpedia_component_history_retrieved_2026-08-23,https://ballotpedia.org/State_government_trifectas
MD,2017,Republican,Democratic,Democratic,0,Ballotpedia_component_history_retrieved_2026-08-23,https://ballotpedia.org/State_government_trifectas
MD,2018,Republican,Democratic,Democratic,0,Ballotpedia_component_history_retrieved_2026-08-23,https://ballotpedia.org/State_government_trifectas
MD,2019,Republican,Democratic,Democratic,0,Ballotpedia_component_history_retrieved_2026-08-23,https://ballotpedia.org/State_government_trifectas
MD,2020,Republican,Democratic,Democratic,0,Ballotpedia_component_history_retrieved_2026-08-23,https://ballotpedia.org/State_government_trifectas
MD,2021,Republican,Democratic,Democratic,0,Ballotpedia_component_history_retrieved_2026-08-23,https://ballotpedia.org/State_government_trifectas
ME,2004,Democratic,Democratic,Democratic,0,Ballotpedia_component_history_retrieved_2026-08-23,https://ballotpedia.org/State_government_trifectas
ME,2005,Democratic,Democratic,Democratic,0,Ballotpedia_component_history_retrieved_2026-08-23,https://ballotpedia.org/State_government_trifectas
ME,2006,Democratic,Democratic,Democratic,0,Ballotpedia_component_history_retrieved_2026-08-23,https://ballotpedia.org/State_government_trifectas
ME,2007,Democratic,Democratic,Democratic,0,Ballotpedia_component_history_retrieved_2026-08-23,https://ballotpedia.org/State_government_trifectas
ME,2008,Democratic,Democratic,Democratic,0,Ballotpedia_component_history_retrieved_2026-08-23,https://ballotpedia.org/State_government_trifectas
ME,2009,Democratic,Democratic,Democratic,0,Ballotpedia_component_history_retrieved_2026-08-23,https://ballotpedia.org/State_government_trifectas
ME,2010,Democratic,Democratic,Democratic,0,Ballotpedia_component_history_retrieved_2026-08-23,https://ballotpedia.org/State_government_trifectas
ME,2011,Republican,Republican,Republican,1,Ballotpedia_component_history_retrieved_2026-08-23,https://ballotpedia.org/State_government_trifectas
ME,2012,Republican,Republican,Republican,1,Ballotpedia_component_history_retrieved_2026-08-23,https://ballotpedia.org/State_government_trifectas
ME,2013,Republican,Democratic,Democratic,0,Ballotpedia_component_history_retrieved_2026-08-23,https://ballotpedia.org/State_government_trifectas
ME,2014,Republican,Democratic,Democratic,0,Ballotpedia_component_history_retrieved_2026-08-23,https://ballotpedia.org/State_government_trifectas
ME,2015,Republican,Democratic,Republican,0,Ballotpedia_component_history_retrieved_2026-08-23,https://ballotpedia.org/State_government_trifectas
ME,2016,Republican,Democratic,Republican,0,Ballotpedia_component_history_retrieved_2026-08-23,https://ballotpedia.org/State_government_trifectas
ME,2017,Republican,Democratic,Republican,0,Ballotpedia_component_history_retrieved_2026-08-23,https://ballotpedia.org/State_government_trifectas
ME,2018,Republican,Democratic,Republican,0,Ballotpedia_component_history_retrieved_2026-08-23,https://ballotpedia.org/State_government_trifectas
ME,2019,Democratic,Democratic,Democratic,0,Ballotpedia_component_history_retrieved_2026-08-23,https://ballotpedia.org/State_government_trifectas
ME,2020,Democratic,Democratic,Democratic,0,Ballotpedia_component_history_retrieved_2026-08-23,https://ballotpedia.org/State_government_trifectas
ME,2021,Democratic,Democratic,Democratic,0,Ballotpedia_component_history_retrieved_2026-08-23,https://ballotpedia.org/State_government_trifectas
MI,2004,Democratic,Republican,Republican,0,Ballotpedia_component_history_retrieved_2026-08-23,https://ballotpedia.org/State_government_trifectas
MI,2005,Democratic,Republican,Republican,0,Ballotpedia_component_history_retrieved_2026-08-23,https://ballotpedia.org/State_government_trifectas
MI,2006,Democratic,Republican,Republican,0,Ballotpedia_component_history_retrieved_2026-08-23,https://ballotpedia.org/State_government_trifectas
MI,2007,Democratic,Democratic,Republican,0,Ballotpedia_component_history_retrieved_2026-08-23,https://ballotpedia.org/State_government_trifectas
MI,2008,Democratic,Democratic,Republican,0,Ballotpedia_component_history_retrieved_2026-08-23,https://ballotpedia.org/State_government_trifectas
MI,2009,Democratic,Democratic,Republican,0,Ballotpedia_component_history_retrieved_2026-08-23,https://ballotpedia.org/State_government_trifectas
MI,2010,Democratic,Democratic,Republican,0,Ballotpedia_component_history_retrieved_2026-08-23,https://ballotpedia.org/State_government_trifectas
MI,2011,Republican,Republican,Republican,1,Ballotpedia_component_history_retrieved_2026-08-23,https://ballotpedia.org/State_government_trifectas
MI,2012,Republican,Republican,Republican,1,Ballotpedia_component_history_retrieved_2026-08-23,https://ballotpedia.org/State_government_trifectas
MI,2013,Republican,Republican,Republican,1,Ballotpedia_component_history_retrieved_2026-08-23,https://ballotpedia.org/State_government_trifectas
MI,2014,Republican,Republican,Republican,1,Ballotpedia_component_history_retrieved_2026-08-23,https://ballotpedia.org/State_government_trifectas
MI,2015,Republican,Republican,Republican,1,Ballotpedia_component_history_retrieved_2026-08-23,https://ballotpedia.org/State_government_trifectas
MI,2016,Republican,Republican,Republican,1,Ballotpedia_component_history_retrieved_2026-08-23,https://ballotpedia.org/State_government_trifectas
MI,2017,Republican,Republican,Republican,1,Ballotpedia_component_history_retrieved_2026-08-23,https://ballotpedia.org/State_government_trifectas
MI,2018,Republican,Republican,Republican,1,Ballotpedia_component_history_retrieved_2026-08-23,https://ballotpedia.org/State_government_trifectas
MI,2019,Democratic,Republican,Republican,0,Ballotpedia_component_history_retrieved_2026-08-23,https://ballotpedia.org/State_government_trifectas
MI,2020,Democratic,Republican,Republican,0,Ballotpedia_component_history_retrieved_2026-08-23,https://ballotpedia.org/State_government_trifectas
MI,2021,Democratic,Republican,Republican,0,Ballotpedia_component_history_retrieved_2026-08-23,https://ballotpedia.org/State_government_trifectas
MN,2004,Republican,Republican,Democratic,0,Ballotpedia_component_history_retrieved_2026-08-23,https://ballotpedia.org/State_government_trifectas
MN,2005,Republican,Republican,Democratic,0,Ballotpedia_component_history_retrieved_2026-08-23,https://ballotpedia.org/State_government_trifectas
MN,2006,Republican,Republican,Democratic,0,Ballotpedia_component_history_retrieved_2026-08-23,https://ballotpedia.org/State_government_trifectas
MN,2007,Republican,Democratic,Democratic,0,Ballotpedia_component_history_retrieved_2026-08-23,https://ballotpedia.org/State_government_trifectas
MN,2008,Republican,Democratic,Democratic,0,Ballotpedia_component_history_retrieved_2026-08-23,https://ballotpedia.org/State_government_trifectas
MN,2009,Republican,Democratic,Democratic,0,Ballotpedia_component_history_retrieved_2026-08-23,https://ballotpedia.org/State_government_trifectas
MN,2010,Republican,Democratic,Democratic,0,Ballotpedia_component_history_retrieved_2026-08-23,https://ballotpedia.org/State_government_trifectas
MN,2011,Democratic,Republican,Republican,0,Ballotpedia_component_history_retrieved_2026-08-23,https://ballotpedia.org/State_government_trifectas
MN,2012,Democratic,Republican,Republican,0,Ballotpedia_component_history_retrieved_2026-08-23,https://ballotpedia.org/State_government_trifectas
MN,2013,Democratic,Democratic,Democratic,0,Ballotpedia_component_history_retrieved_2026-08-23,https://ballotpedia.org/State_government_trifectas
MN,2014,Democratic,Democratic,Democratic,0,Ballotpedia_component_history_retrieved_2026-08-23,https://ballotpedia.org/State_government_trifectas
MN,2015,Democratic,Republican,Democratic,0,Ballotpedia_component_history_retrieved_2026-08-23,https://ballotpedia.org/State_government_trifectas
MN,2016,Democratic,Republican,Democratic,0,Ballotpedia_component_history_retrieved_2026-08-23,https://ballotpedia.org/State_government_trifectas
MN,2017,Democratic,Republican,Republican,0,Ballotpedia_component_history_retrieved_2026-08-23,https://ballotpedia.org/State_government_trifectas
MN,2018,Democratic,Republican,Republican,0,Ballotpedia_component_history_retrieved_2026-08-23,https://ballotpedia.org/State_government_trifectas
MN,2019,Democratic,Democratic,Republican,0,Ballotpedia_component_history_retrieved_2026-08-23,https://ballotpedia.org/State_government_trifectas
MN,2020,Democratic,Democratic,Republican,0,Ballotpedia_component_history_retrieved_2026-08-23,https://ballotpedia.org/State_government_trifectas
MN,2021,Democratic,Democratic,Republican,0,Ballotpedia_component_history_retrieved_2026-08-23,https://ballotpedia.org/State_government_trifectas
MO,2004,Democratic,Republican,Republican,0,Ballotpedia_component_history_retrieved_2026-08-23,https://ballotpedia.org/State_government_trifectas
MO,2005,Republican,Republican,Republican,1,Ballotpedia_component_history_retrieved_2026-08-23,https://ballotpedia.org/State_government_trifectas
MO,2006,Republican,Republican,Republican,1,Ballotpedia_component_history_retrieved_2026-08-23,https://ballotpedia.org/State_government_trifectas
MO,2007,Republican,Republican,Republican,1,Ballotpedia_component_history_retrieved_2026-08-23,https://ballotpedia.org/State_government_trifectas
MO,2008,Republican,Republican,Republican,1,Ballotpedia_component_history_retrieved_2026-08-23,https://ballotpedia.org/State_government_trifectas
MO,2009,Democratic,Republican,Republican,0,Ballotpedia_component_history_retrieved_2026-08-23,https://ballotpedia.org/State_government_trifectas
MO,2010,Democratic,Republican,Republican,0,Ballotpedia_component_history_retrieved_2026-08-23,https://ballotpedia.org/State_government_trifectas
MO,2011,Democratic,Republican,Republican,0,Ballotpedia_component_history_retrieved_2026-08-23,https://ballotpedia.org/State_government_trifectas
MO,2012,Democratic,Republican,Republican,0,Ballotpedia_component_history_retrieved_2026-08-23,https://ballotpedia.org/State_government_trifectas
MO,2013,Democratic,Republican,Republican,0,Ballotpedia_component_history_retrieved_2026-08-23,https://ballotpedia.org/State_government_trifectas
MO,2014,Democratic,Republican,Republican,0,Ballotpedia_component_history_retrieved_2026-08-23,https://ballotpedia.org/State_government_trifectas
MO,2015,Democratic,Republican,Republican,0,Ballotpedia_component_history_retrieved_2026-08-23,https://ballotpedia.org/State_government_trifectas
MO,2016,Democratic,Republican,Republican,0,Ballotpedia_component_history_retrieved_2026-08-23,https://ballotpedia.org/State_government_trifectas
MO,2017,Republican,Republican,Republican,1,Ballotpedia_component_history_retrieved_2026-08-23,https://ballotpedia.org/State_government_trifectas
MO,2018,Republican,Republican,Republican,1,Ballotpedia_component_history_retrieved_2026-08-23,https://ballotpedia.org/State_government_trifectas
MO,2019,Republican,Republican,Republican,1,Ballotpedia_component_history_retrieved_2026-08-23,https://ballotpedia.org/State_government_trifectas
MO,2020,Republican,Republican,Republican,1,Ballotpedia_component_history_retrieved_2026-08-23,https://ballotpedia.org/State_government_trifectas
MO,2021,Republican,Republican,Republican,1,Ballotpedia_component_history_retrieved_2026-08-23,https://ballotpedia.org/State_government_trifectas
MS,2004,Republican,Democratic,Democratic,0,Ballotpedia_component_history_retrieved_2026-08-23,https://ballotpedia.org/State_government_trifectas
MS,2005,Republican,Democratic,Democratic,0,Ballotpedia_component_history_retrieved_2026-08-23,https://ballotpedia.org/State_government_trifectas
MS,2006,Republican,Democratic,Democratic,0,Ballotpedia_component_history_retrieved_2026-08-23,https://ballotpedia.org/State_government_trifectas
MS,2007,Republican,Democratic,Republican,0,Ballotpedia_component_history_retrieved_2026-08-23,https://ballotpedia.org/State_government_trifectas
MS,2008,Republican,Democratic,Democratic,0,Ballotpedia_component_history_retrieved_2026-08-23,https://ballotpedia.org/State_government_trifectas
MS,2009,Republican,Democratic,Democratic,0,Ballotpedia_component_history_retrieved_2026-08-23,https://ballotpedia.org/State_government_trifectas
MS,2010,Republican,Democratic,Democratic,0,Ballotpedia_component_history_retrieved_2026-08-23,https://ballotpedia.org/State_government_trifectas
MS,2011,Republican,Democratic,Republican,0,Ballotpedia_component_history_retrieved_2026-08-23,https://ballotpedia.org/State_government_trifectas
MS,2012,Republican,Republican,Republican,1,Ballotpedia_component_history_retrieved_2026-08-23,https://ballotpedia.org/State_government_trifectas
MS,2013,Republican,Republican,Republican,1,Ballotpedia_component_history_retrieved_2026-08-23,https://ballotpedia.org/State_government_trifectas
MS,2014,Republican,Republican,Republican,1,Ballotpedia_component_history_retrieved_2026-08-23,https://ballotpedia.org/State_government_trifectas
MS,2015,Republican,Republican,Republican,1,Ballotpedia_component_history_retrieved_2026-08-23,https://ballotpedia.org/State_government_trifectas
MS,2016,Republican,Republican,Republican,1,Ballotpedia_component_history_retrieved_2026-08-23,https://ballotpedia.org/State_government_trifectas
MS,2017,Republican,Republican,Republican,1,Ballotpedia_component_history_retrieved_2026-08-23,https://ballotpedia.org/State_government_trifectas
MS,2018,Republican,Republican,Republican,1,Ballotpedia_component_history_retrieved_2026-08-23,https://ballotpedia.org/State_government_trifectas
MS,2019,Republican,Republican,Republican,1,Ballotpedia_component_history_retrieved_2026-08-23,https://ballotpedia.org/State_government_trifectas
MS,2020,Republican,Republican,Republican,1,Ballotpedia_component_history_retrieved_2026-08-23,https://ballotpedia.org/State_government_trifectas
MS,2021,Republican,Republican,Republican,1,Ballotpedia_component_history_retrieved_2026-08-23,https://ballotpedia.org/State_government_trifectas
MT,2004,Republican,Republican,Republican,1,Ballotpedia_component_history_retrieved_2026-08-23,https://ballotpedia.org/State_government_trifectas
MT,2005,Democratic,Split,Democratic,0,Ballotpedia_component_history_retrieved_2026-08-23,https://ballotpedia.org/State_government_trifectas
MT,2006,Democratic,Split,Democratic,0,Ballotpedia_component_history_retrieved_2026-08-23,https://ballotpedia.org/State_government_trifectas
MT,2007,Democratic,Republican,Democratic,0,Ballotpedia_component_history_retrieved_2026-08-23,https://ballotpedia.org/State_government_trifectas
MT,2008,Democratic,Republican,Democratic,0,Ballotpedia_component_history_retrieved_2026-08-23,https://ballotpedia.org/State_government_trifectas
MT,2009,Democratic,Split,Republican,0,Ballotpedia_component_history_retrieved_2026-08-23,https://ballotpedia.org/State_government_trifectas
MT,2010,Democratic,Split,Republican,0,Ballotpedia_component_history_retrieved_2026-08-23,https://ballotpedia.org/State_government_trifectas
MT,2011,Democratic,Republican,Republican,0,Ballotpedia_component_history_retrieved_2026-08-23,https://ballotpedia.org/State_government_trifectas
MT,2012,Democratic,Republican,Republican,0,Ballotpedia_component_history_retrieved_2026-08-23,https://ballotpedia.org/State_government_trifectas
MT,2013,Democratic,Republican,Republican,0,Ballotpedia_component_history_retrieved_2026-08-23,https://ballotpedia.org/State_government_trifectas
MT,2014,Democratic,Republican,Republican,0,Ballotpedia_component_history_retrieved_2026-08-23,https://ballotpedia.org/State_government_trifectas
MT,2015,Democratic,Republican,Republican,0,Ballotpedia_component_history_retrieved_2026-08-23,https://ballotpedia.org/State_government_trifectas
MT,2016,Democratic,Republican,Republican,0,Ballotpedia_component_history_retrieved_2026-08-23,https://ballotpedia.org/State_government_trifectas
MT,2017,Democratic,Republican,Republican,0,Ballotpedia_component_history_retrieved_2026-08-23,https://ballotpedia.org/State_government_trifectas
MT,2018,Democratic,Republican,Republican,0,Ballotpedia_component_history_retrieved_2026-08-23,https://ballotpedia.org/State_government_trifectas
MT,2019,Democratic,Republican,Republican,0,Ballotpedia_component_history_retrieved_2026-08-23,https://ballotpedia.org/State_government_trifectas
MT,2020,Democratic,Republican,Republican,0,Ballotpedia_component_history_retrieved_2026-08-23,https://ballotpedia.org/State_government_trifectas
MT,2021,Republican,Republican,Republican,1,Ballotpedia_component_history_retrieved_2026-08-23,https://ballotpedia.org/State_government_trifectas
NC,2004,Democratic,Democratic,Democratic,0,Ballotpedia_component_history_retrieved_2026-08-23,https://ballotpedia.org/State_government_trifectas
NC,2005,Democratic,Democratic,Democratic,0,Ballotpedia_component_history_retrieved_2026-08-23,https://ballotpedia.org/State_government_trifectas
NC,2006,Democratic,Democratic,Democratic,0,Ballotpedia_component_history_retrieved_2026-08-23,https://ballotpedia.org/State_government_trifectas
NC,2007,Democratic,Democratic,Democratic,0,Ballotpedia_component_history_retrieved_2026-08-23,https://ballotpedia.org/State_government_trifectas
NC,2008,Democratic,Democratic,Democratic,0,Ballotpedia_component_history_retrieved_2026-08-23,https://ballotpedia.org/State_government_trifectas
NC,2009,Democratic,Democratic,Democratic,0,Ballotpedia_component_history_retrieved_2026-08-23,https://ballotpedia.org/State_government_trifectas
NC,2010,Democratic,Democratic,Democratic,0,Ballotpedia_component_history_retrieved_2026-08-23,https://ballotpedia.org/State_government_trifectas
NC,2011,Democratic,Republican,Republican,0,Ballotpedia_component_history_retrieved_2026-08-23,https://ballotpedia.org/State_government_trifectas
NC,2012,Democratic,Republican,Republican,0,Ballotpedia_component_history_retrieved_2026-08-23,https://ballotpedia.org/State_government_trifectas
NC,2013,Republican,Republican,Republican,1,Ballotpedia_component_history_retrieved_2026-08-23,https://ballotpedia.org/State_government_trifectas
NC,2014,Republican,Republican,Republican,1,Ballotpedia_component_history_retrieved_2026-08-23,https://ballotpedia.org/State_government_trifectas
NC,2015,Republican,Republican,Republican,1,Ballotpedia_component_history_retrieved_2026-08-23,https://ballotpedia.org/State_government_trifectas
NC,2016,Republican,Republican,Republican,1,Ballotpedia_component_history_retrieved_2026-08-23,https://ballotpedia.org/State_government_trifectas
NC,2017,Democratic,Republican,Republican,0,Ballotpedia_component_history_retrieved_2026-08-23,https://ballotpedia.org/State_government_trifectas
NC,2018,Democratic,Republican,Republican,0,Ballotpedia_component_history_retrieved_2026-08-23,https://ballotpedia.org/State_government_trifectas
NC,2019,Democratic,Republican,Republican,0,Ballotpedia_component_history_retrieved_2026-08-23,https://ballotpedia.org/State_government_trifectas
NC,2020,Democratic,Republican,Republican,0,Ballotpedia_component_history_retrieved_2026-08-23,https://ballotpedia.org/State_government_trifectas
NC,2021,Democratic,Republican,Republican,0,Ballotpedia_component_history_retrieved_2026-08-23,https://ballotpedia.org/State_government_trifectas
ND,2004,Republican,Republican,Republican,1,Ballotpedia_component_history_retrieved_2026-08-23,https://ballotpedia.org/State_government_trifectas
ND,2005,Republican,Republican,Republican,1,Ballotpedia_component_history_retrieved_2026-08-23,https://ballotpedia.org/State_government_trifectas
ND,2006,Republican,Republican,Republican,1,Ballotpedia_component_history_retrieved_2026-08-23,https://ballotpedia.org/State_government_trifectas
ND,2007,Republican,Republican,Republican,1,Ballotpedia_component_history_retrieved_2026-08-23,https://ballotpedia.org/State_government_trifectas
ND,2008,Republican,Republican,Republican,1,Ballotpedia_component_history_retrieved_2026-08-23,https://ballotpedia.org/State_government_trifectas
ND,2009,Republican,Republican,Republican,1,Ballotpedia_component_history_retrieved_2026-08-23,https://ballotpedia.org/State_government_trifectas
ND,2010,Republican,Republican,Republican,1,Ballotpedia_component_history_retrieved_2026-08-23,https://ballotpedia.org/State_government_trifectas
ND,2011,Republican,Republican,Republican,1,Ballotpedia_component_history_retrieved_2026-08-23,https://ballotpedia.org/State_government_trifectas
ND,2012,Republican,Republican,Republican,1,Ballotpedia_component_history_retrieved_2026-08-23,https://ballotpedia.org/State_government_trifectas
ND,2013,Republican,Republican,Republican,1,Ballotpedia_component_history_retrieved_2026-08-23,https://ballotpedia.org/State_government_trifectas
ND,2014,Republican,Republican,Republican,1,Ballotpedia_component_history_retrieved_2026-08-23,https://ballotpedia.org/State_government_trifectas
ND,2015,Republican,Republican,Republican,1,Ballotpedia_component_history_retrieved_2026-08-23,https://ballotpedia.org/State_government_trifectas
ND,2016,Republican,Republican,Republican,1,Ballotpedia_component_history_retrieved_2026-08-23,https://ballotpedia.org/State_government_trifectas
ND,2017,Republican,Republican,Republican,1,Ballotpedia_component_history_retrieved_2026-08-23,https://ballotpedia.org/State_government_trifectas
ND,2018,Republican,Republican,Republican,1,Ballotpedia_component_history_retrieved_2026-08-23,https://ballotpedia.org/State_government_trifectas
ND,2019,Republican,Republican,Republican,1,Ballotpedia_component_history_retrieved_2026-08-23,https://ballotpedia.org/State_government_trifectas
ND,2020,Republican,Republican,Republican,1,Ballotpedia_component_history_retrieved_2026-08-23,https://ballotpedia.org/State_government_trifectas
ND,2021,Republican,Republican,Republican,1,Ballotpedia_component_history_retrieved_2026-08-23,https://ballotpedia.org/State_government_trifectas
NE,2004,Republican,,,,Ballotpedia_component_history_retrieved_2026-08-23,https://ballotpedia.org/State_government_trifectas
NE,2005,Republican,,,,Ballotpedia_component_history_retrieved_2026-08-23,https://ballotpedia.org/State_government_trifectas
NE,2006,Republican,,,,Ballotpedia_component_history_retrieved_2026-08-23,https://ballotpedia.org/State_government_trifectas
NE,2007,Republican,,,,Ballotpedia_component_history_retrieved_2026-08-23,https://ballotpedia.org/State_government_trifectas
NE,2008,Republican,,,,Ballotpedia_component_history_retrieved_2026-08-23,https://ballotpedia.org/State_government_trifectas
NE,2009,Republican,,,,Ballotpedia_component_history_retrieved_2026-08-23,https://ballotpedia.org/State_government_trifectas
NE,2010,Republican,,,,Ballotpedia_component_history_retrieved_2026-08-23,https://ballotpedia.org/State_government_trifectas
NE,2011,Republican,,,,Ballotpedia_component_history_retrieved_2026-08-23,https://ballotpedia.org/State_government_trifectas
NE,2012,Republican,,,,Ballotpedia_component_history_retrieved_2026-08-23,https://ballotpedia.org/State_government_trifectas
NE,2013,Republican,,,,Ballotpedia_component_history_retrieved_2026-08-23,https://ballotpedia.org/State_government_trifectas
NE,2014,Republican,,,,Ballotpedia_component_history_retrieved_2026-08-23,https://ballotpedia.org/State_government_trifectas
NE,2015,Republican,,,,Ballotpedia_component_history_retrieved_2026-08-23,https://ballotpedia.org/State_government_trifectas
NE,2016,Republican,,,,Ballotpedia_component_history_retrieved_2026-08-23,https://ballotpedia.org/State_government_trifectas
NE,2017,Republican,,,,Ballotpedia_component_history_retrieved_2026-08-23,https://ballotpedia.org/State_government_trifectas
NE,2018,Republican,,,,Ballotpedia_component_history_retrieved_2026-08-23,https://ballotpedia.org/State_government_trifectas
NE,2019,Republican,,,,Ballotpedia_component_history_retrieved_2026-08-23,https://ballotpedia.org/State_government_trifectas
NE,2020,Republican,,,,Ballotpedia_component_history_retrieved_2026-08-23,https://ballotpedia.org/State_government_trifectas
NE,2021,Republican,,,,Ballotpedia_component_history_retrieved_2026-08-23,https://ballotpedia.org/State_government_trifectas
NH,2004,Republican,Republican,Republican,1,Ballotpedia_component_history_retrieved_2026-08-23,https://ballotpedia.org/State_government_trifectas
NH,2005,Democratic,Republican,Republican,0,Ballotpedia_component_history_retrieved_2026-08-23,https://ballotpedia.org/State_government_trifectas
NH,2006,Democratic,Republican,Republican,0,Ballotpedia_component_history_retrieved_2026-08-23,https://ballotpedia.org/State_government_trifectas
NH,2007,Democratic,Democratic,Democratic,0,Ballotpedia_component_history_retrieved_2026-08-23,https://ballotpedia.org/State_government_trifectas
NH,2008,Democratic,Democratic,Democratic,0,Ballotpedia_component_history_retrieved_2026-08-23,https://ballotpedia.org/State_government_trifectas
NH,2009,Democratic,Democratic,Democratic,0,Ballotpedia_component_history_retrieved_2026-08-23,https://ballotpedia.org/State_government_trifectas
NH,2010,Democratic,Democratic,Democratic,0,Ballotpedia_component_history_retrieved_2026-08-23,https://ballotpedia.org/State_government_trifectas
NH,2011,Democratic,Republican,Republican,0,Ballotpedia_component_history_retrieved_2026-08-23,https://ballotpedia.org/State_government_trifectas
NH,2012,Democratic,Republican,Republican,0,Ballotpedia_component_history_retrieved_2026-08-23,https://ballotpedia.org/State_government_trifectas
NH,2013,Democratic,Democratic,Republican,0,Ballotpedia_component_history_retrieved_2026-08-23,https://ballotpedia.org/State_government_trifectas
NH,2014,Democratic,Democratic,Republican,0,Ballotpedia_component_history_retrieved_2026-08-23,https://ballotpedia.org/State_government_trifectas
NH,2015,Democratic,Republican,Republican,0,Ballotpedia_component_history_retrieved_2026-08-23,https://ballotpedia.org/State_government_trifectas
NH,2016,Democratic,Republican,Republican,0,Ballotpedia_component_history_retrieved_2026-08-23,https://ballotpedia.org/State_government_trifectas
NH,2017,Republican,Republican,Republican,1,Ballotpedia_component_history_retrieved_2026-08-23,https://ballotpedia.org/State_government_trifectas
NH,2018,Republican,Republican,Republican,1,Ballotpedia_component_history_retrieved_2026-08-23,https://ballotpedia.org/State_government_trifectas
NH,2019,Republican,Democratic,Democratic,0,Ballotpedia_component_history_retrieved_2026-08-23,https://ballotpedia.org/State_government_trifectas
NH,2020,Republican,Democratic,Democratic,0,Ballotpedia_component_history_retrieved_2026-08-23,https://ballotpedia.org/State_government_trifectas
NH,2021,Republican,Republican,Republican,1,Ballotpedia_component_history_retrieved_2026-08-23,https://ballotpedia.org/State_government_trifectas
NJ,2004,Democratic,Democratic,Democratic,0,Ballotpedia_component_history_retrieved_2026-08-23,https://ballotpedia.org/State_government_trifectas
NJ,2005,Democratic,Democratic,Democratic,0,Ballotpedia_component_history_retrieved_2026-08-23,https://ballotpedia.org/State_government_trifectas
NJ,2006,Democratic,Democratic,Democratic,0,Ballotpedia_component_history_retrieved_2026-08-23,https://ballotpedia.org/State_government_trifectas
NJ,2007,Democratic,Democratic,Democratic,0,Ballotpedia_component_history_retrieved_2026-08-23,https://ballotpedia.org/State_government_trifectas
NJ,2008,Democratic,Democratic,Democratic,0,Ballotpedia_component_history_retrieved_2026-08-23,https://ballotpedia.org/State_government_trifectas
NJ,2009,Democratic,Democratic,Democratic,0,Ballotpedia_component_history_retrieved_2026-08-23,https://ballotpedia.org/State_government_trifectas
NJ,2010,Republican,Democratic,Democratic,0,Ballotpedia_component_history_retrieved_2026-08-23,https://ballotpedia.org/State_government_trifectas
NJ,2011,Republican,Democratic,Democratic,0,Ballotpedia_component_history_retrieved_2026-08-23,https://ballotpedia.org/State_government_trifectas
NJ,2012,Republican,Democratic,Democratic,0,Ballotpedia_component_history_retrieved_2026-08-23,https://ballotpedia.org/State_government_trifectas
NJ,2013,Republican,Democratic,Democratic,0,Ballotpedia_component_history_retrieved_2026-08-23,https://ballotpedia.org/State_government_trifectas
NJ,2014,Republican,Democratic,Democratic,0,Ballotpedia_component_history_retrieved_2026-08-23,https://ballotpedia.org/State_government_trifectas
NJ,2015,Republican,Democratic,Democratic,0,Ballotpedia_component_history_retrieved_2026-08-23,https://ballotpedia.org/State_government_trifectas
NJ,2016,Republican,Democratic,Democratic,0,Ballotpedia_component_history_retrieved_2026-08-23,https://ballotpedia.org/State_government_trifectas
NJ,2017,Republican,Democratic,Democratic,0,Ballotpedia_component_history_retrieved_2026-08-23,https://ballotpedia.org/State_government_trifectas
NJ,2018,Democratic,Democratic,Democratic,0,Ballotpedia_component_history_retrieved_2026-08-23,https://ballotpedia.org/State_government_trifectas
NJ,2019,Democratic,Democratic,Democratic,0,Ballotpedia_component_history_retrieved_2026-08-23,https://ballotpedia.org/State_government_trifectas
NJ,2020,Democratic,Democratic,Democratic,0,Ballotpedia_component_history_retrieved_2026-08-23,https://ballotpedia.org/State_government_trifectas
NJ,2021,Democratic,Democratic,Democratic,0,Ballotpedia_component_history_retrieved_2026-08-23,https://ballotpedia.org/State_government_trifectas
NM,2004,Democratic,Democratic,Democratic,0,Ballotpedia_component_history_retrieved_2026-08-23,https://ballotpedia.org/State_government_trifectas
NM,2005,Democratic,Democratic,Democratic,0,Ballotpedia_component_history_retrieved_2026-08-23,https://ballotpedia.org/State_government_trifectas
NM,2006,Democratic,Democratic,Democratic,0,Ballotpedia_component_history_retrieved_2026-08-23,https://ballotpedia.org/State_government_trifectas
NM,2007,Democratic,Democratic,Democratic,0,Ballotpedia_component_history_retrieved_2026-08-23,https://ballotpedia.org/State_government_trifectas
NM,2008,Democratic,Democratic,Democratic,0,Ballotpedia_component_history_retrieved_2026-08-23,https://ballotpedia.org/State_government_trifectas
NM,2009,Democratic,Democratic,Democratic,0,Ballotpedia_component_history_retrieved_2026-08-23,https://ballotpedia.org/State_government_trifectas
NM,2010,Democratic,Democratic,Democratic,0,Ballotpedia_component_history_retrieved_2026-08-23,https://ballotpedia.org/State_government_trifectas
NM,2011,Republican,Democratic,Democratic,0,Ballotpedia_component_history_retrieved_2026-08-23,https://ballotpedia.org/State_government_trifectas
NM,2012,Republican,Democratic,Democratic,0,Ballotpedia_component_history_retrieved_2026-08-23,https://ballotpedia.org/State_government_trifectas
NM,2013,Republican,Democratic,Democratic,0,Ballotpedia_component_history_retrieved_2026-08-23,https://ballotpedia.org/State_government_trifectas
NM,2014,Republican,Democratic,Democratic,0,Ballotpedia_component_history_retrieved_2026-08-23,https://ballotpedia.org/State_government_trifectas
NM,2015,Republican,Republican,Democratic,0,Ballotpedia_component_history_retrieved_2026-08-23,https://ballotpedia.org/State_government_trifectas
NM,2016,Republican,Republican,Democratic,0,Ballotpedia_component_history_retrieved_2026-08-23,https://ballotpedia.org/State_government_trifectas
NM,2017,Republican,Democratic,Democratic,0,Ballotpedia_component_history_retrieved_2026-08-23,https://ballotpedia.org/State_government_trifectas
NM,2018,Republican,Democratic,Democratic,0,Ballotpedia_component_history_retrieved_2026-08-23,https://ballotpedia.org/State_government_trifectas
NM,2019,Democratic,Democratic,Democratic,0,Ballotpedia_component_history_retrieved_2026-08-23,https://ballotpedia.org/State_government_trifectas
NM,2020,Democratic,Democratic,Democratic,0,Ballotpedia_component_history_retrieved_2026-08-23,https://ballotpedia.org/State_government_trifectas
NM,2021,Democratic,Democratic,Democratic,0,Ballotpedia_component_history_retrieved_2026-08-23,https://ballotpedia.org/State_government_trifectas
NV,2004,Republican,Democratic,Republican,0,Ballotpedia_component_history_retrieved_2026-08-23,https://ballotpedia.org/State_government_trifectas
NV,2005,Republican,Democratic,Republican,0,Ballotpedia_component_history_retrieved_2026-08-23,https://ballotpedia.org/State_government_trifectas
NV,2006,Republican,Democratic,Republican,0,Ballotpedia_component_history_retrieved_2026-08-23,https://ballotpedia.org/State_government_trifectas
NV,2007,Republican,Democratic,Republican,0,Ballotpedia_component_history_retrieved_2026-08-23,https://ballotpedia.org/State_government_trifectas
NV,2008,Republican,Democratic,Republican,0,Ballotpedia_component_history_retrieved_2026-08-23,https://ballotpedia.org/State_government_trifectas
NV,2009,Republican,Democratic,Democratic,0,Ballotpedia_component_history_retrieved_2026-08-23,https://ballotpedia.org/State_government_trifectas
NV,2010,Republican,Democratic,Democratic,0,Ballotpedia_component_history_retrieved_2026-08-23,https://ballotpedia.org/State_government_trifectas
NV,2011,Republican,Democratic,Democratic,0,Ballotpedia_component_history_retrieved_2026-08-23,https://ballotpedia.org/State_government_trifectas
NV,2012,Republican,Democratic,Democratic,0,Ballotpedia_component_history_retrieved_2026-08-23,https://ballotpedia.org/State_government_trifectas
NV,2013,Republican,Democratic,Democratic,0,Ballotpedia_component_history_retrieved_2026-08-23,https://ballotpedia.org/State_government_trifectas
NV,2014,Republican,Democratic,Democratic,0,Ballotpedia_component_history_retrieved_2026-08-23,https://ballotpedia.org/State_government_trifectas
NV,2015,Republican,Republican,Republican,1,Ballotpedia_component_history_retrieved_2026-08-23,https://ballotpedia.org/State_government_trifectas
NV,2016,Republican,Republican,Republican,1,Ballotpedia_component_history_retrieved_2026-08-23,https://ballotpedia.org/State_government_trifectas
NV,2017,Republican,Democratic,Democratic,0,Ballotpedia_component_history_retrieved_2026-08-23,https://ballotpedia.org/State_government_trifectas
NV,2018,Republican,Democratic,Democratic,0,Ballotpedia_component_history_retrieved_2026-08-23,https://ballotpedia.org/State_government_trifectas
NV,2019,Democratic,Democratic,Democratic,0,Ballotpedia_component_history_retrieved_2026-08-23,https://ballotpedia.org/State_government_trifectas
NV,2020,Democratic,Democratic,Democratic,0,Ballotpedia_component_history_retrieved_2026-08-23,https://ballotpedia.org/State_government_trifectas
NV,2021,Democratic,Democratic,Democratic,0,Ballotpedia_component_history_retrieved_2026-08-23,https://ballotpedia.org/State_government_trifectas
NY,2004,Republican,Democratic,Republican,0,Ballotpedia_component_history_retrieved_2026-08-23,https://ballotpedia.org/State_government_trifectas
NY,2005,Republican,Democratic,Republican,0,Ballotpedia_component_history_retrieved_2026-08-23,https://ballotpedia.org/State_government_trifectas
NY,2006,Republican,Democratic,Republican,0,Ballotpedia_component_history_retrieved_2026-08-23,https://ballotpedia.org/State_government_trifectas
NY,2007,Democratic,Democratic,Republican,0,Ballotpedia_component_history_retrieved_2026-08-23,https://ballotpedia.org/State_government_trifectas
NY,2008,Democratic,Democratic,Republican,0,Ballotpedia_component_history_retrieved_2026-08-23,https://ballotpedia.org/State_government_trifectas
NY,2009,Democratic,Democratic,Democratic,0,Ballotpedia_component_history_retrieved_2026-08-23,https://ballotpedia.org/State_government_trifectas
NY,2010,Democratic,Democratic,Democratic,0,Ballotpedia_component_history_retrieved_2026-08-23,https://ballotpedia.org/State_government_trifectas
NY,2011,Democratic,Democratic,Republican,0,Ballotpedia_component_history_retrieved_2026-08-23,https://ballotpedia.org/State_government_trifectas
NY,2012,Democratic,Democratic,Republican,0,Ballotpedia_component_history_retrieved_2026-08-23,https://ballotpedia.org/State_government_trifectas
NY,2013,Democratic,Democratic,Republican,0,Ballotpedia_component_history_retrieved_2026-08-23,https://ballotpedia.org/State_government_trifectas
NY,2014,Democratic,Democratic,Republican,0,Ballotpedia_component_history_retrieved_2026-08-23,https://ballotpedia.org/State_government_trifectas
NY,2015,Democratic,Democratic,Republican,0,Ballotpedia_component_history_retrieved_2026-08-23,https://ballotpedia.org/State_government_trifectas
NY,2016,Democratic,Democratic,Republican,0,Ballotpedia_component_history_retrieved_2026-08-23,https://ballotpedia.org/State_government_trifectas
NY,2017,Democratic,Democratic,Republican,0,Ballotpedia_component_history_retrieved_2026-08-23,https://ballotpedia.org/State_government_trifectas
NY,2018,Democratic,Democratic,Republican,0,Ballotpedia_component_history_retrieved_2026-08-23,https://ballotpedia.org/State_government_trifectas
NY,2019,Democratic,Democratic,Democratic,0,Ballotpedia_component_history_retrieved_2026-08-23,https://ballotpedia.org/State_government_trifectas
NY,2020,Democratic,Democratic,Democratic,0,Ballotpedia_component_history_retrieved_2026-08-23,https://ballotpedia.org/State_government_trifectas
NY,2021,Democratic,Democratic,Democratic,0,Ballotpedia_component_history_retrieved_2026-08-23,https://ballotpedia.org/State_government_trifectas
OH,2004,Republican,Republican,Republican,1,Ballotpedia_component_history_retrieved_2026-08-23,https://ballotpedia.org/State_government_trifectas
OH,2005,Republican,Republican,Republican,1,Ballotpedia_component_history_retrieved_2026-08-23,https://ballotpedia.org/State_government_trifectas
OH,2006,Republican,Republican,Republican,1,Ballotpedia_component_history_retrieved_2026-08-23,https://ballotpedia.org/State_government_trifectas
OH,2007,Democratic,Republican,Republican,0,Ballotpedia_component_history_retrieved_2026-08-23,https://ballotpedia.org/State_government_trifectas
OH,2008,Democratic,Republican,Republican,0,Ballotpedia_component_history_retrieved_2026-08-23,https://ballotpedia.org/State_government_trifectas
OH,2009,Democratic,Democratic,Republican,0,Ballotpedia_component_history_retrieved_2026-08-23,https://ballotpedia.org/State_government_trifectas
OH,2010,Democratic,Democratic,Republican,0,Ballotpedia_component_history_retrieved_2026-08-23,https://ballotpedia.org/State_government_trifectas
OH,2011,Republican,Republican,Republican,1,Ballotpedia_component_history_retrieved_2026-08-23,https://ballotpedia.org/State_government_trifectas
OH,2012,Republican,Republican,Republican,1,Ballotpedia_component_history_retrieved_2026-08-23,https://ballotpedia.org/State_government_trifectas
OH,2013,Republican,Republican,Republican,1,Ballotpedia_component_history_retrieved_2026-08-23,https://ballotpedia.org/State_government_trifectas
OH,2014,Republican,Republican,Republican,1,Ballotpedia_component_history_retrieved_2026-08-23,https://ballotpedia.org/State_government_trifectas
OH,2015,Republican,Republican,Republican,1,Ballotpedia_component_history_retrieved_2026-08-23,https://ballotpedia.org/State_government_trifectas
OH,2016,Republican,Republican,Republican,1,Ballotpedia_component_history_retrieved_2026-08-23,https://ballotpedia.org/State_government_trifectas
OH,2017,Republican,Republican,Republican,1,Ballotpedia_component_history_retrieved_2026-08-23,https://ballotpedia.org/State_government_trifectas
OH,2018,Republican,Republican,Republican,1,Ballotpedia_component_history_retrieved_2026-08-23,https://ballotpedia.org/State_government_trifectas
OH,2019,Republican,Republican,Republican,1,Ballotpedia_component_history_retrieved_2026-08-23,https://ballotpedia.org/State_government_trifectas
OH,2020,Republican,Republican,Republican,1,Ballotpedia_component_history_retrieved_2026-08-23,https://ballotpedia.org/State_government_trifectas
OH,2021,Republican,Republican,Republican,1,Ballotpedia_component_history_retrieved_2026-08-23,https://ballotpedia.org/State_government_trifectas
OK,2004,Democratic,Democratic,Democratic,0,Ballotpedia_component_history_retrieved_2026-08-23,https://ballotpedia.org/State_government_trifectas
OK,2005,Democratic,Republican,Democratic,0,Ballotpedia_component_history_retrieved_2026-08-23,https://ballotpedia.org/State_government_trifectas
OK,2006,Democratic,Republican,Democratic,0,Ballotpedia_component_history_retrieved_2026-08-23,https://ballotpedia.org/State_government_trifectas
OK,2007,Democratic,Republican,Split,0,Ballotpedia_component_history_retrieved_2026-08-23,https://ballotpedia.org/State_government_trifectas
OK,2008,Democratic,Republican,Split,0,Ballotpedia_component_history_retrieved_2026-08-23,https://ballotpedia.org/State_government_trifectas
OK,2009,Democratic,Republican,Republican,0,Ballotpedia_component_history_retrieved_2026-08-23,https://ballotpedia.org/State_government_trifectas
OK,2010,Democratic,Republican,Republican,0,Ballotpedia_component_history_retrieved_2026-08-23,https://ballotpedia.org/State_government_trifectas
OK,2011,Republican,Republican,Republican,1,Ballotpedia_component_history_retrieved_2026-08-23,https://ballotpedia.org/State_government_trifectas
OK,2012,Republican,Republican,Republican,1,Ballotpedia_component_history_retrieved_2026-08-23,https://ballotpedia.org/State_government_trifectas
OK,2013,Republican,Republican,Republican,1,Ballotpedia_component_history_retrieved_2026-08-23,https://ballotpedia.org/State_government_trifectas
OK,2014,Republican,Republican,Republican,1,Ballotpedia_component_history_retrieved_2026-08-23,https://ballotpedia.org/State_government_trifectas
OK,2015,Republican,Republican,Republican,1,Ballotpedia_component_history_retrieved_2026-08-23,https://ballotpedia.org/State_government_trifectas
OK,2016,Republican,Republican,Republican,1,Ballotpedia_component_history_retrieved_2026-08-23,https://ballotpedia.org/State_government_trifectas
OK,2017,Republican,Republican,Republican,1,Ballotpedia_component_history_retrieved_2026-08-23,https://ballotpedia.org/State_government_trifectas
OK,2018,Republican,Republican,Republican,1,Ballotpedia_component_history_retrieved_2026-08-23,https://ballotpedia.org/State_government_trifectas
OK,2019,Republican,Republican,Republican,1,Ballotpedia_component_history_retrieved_2026-08-23,https://ballotpedia.org/State_government_trifectas
OK,2020,Republican,Republican,Republican,1,Ballotpedia_component_history_retrieved_2026-08-23,https://ballotpedia.org/State_government_trifectas
OK,2021,Republican,Republican,Republican,1,Ballotpedia_component_history_retrieved_2026-08-23,https://ballotpedia.org/State_government_trifectas
OR,2004,Democratic,Republican,Split,0,Ballotpedia_component_history_retrieved_2026-08-23,https://ballotpedia.org/State_government_trifectas
OR,2005,Democratic,Republican,Democratic,0,Ballotpedia_component_history_retrieved_2026-08-23,https://ballotpedia.org/State_government_trifectas
OR,2006,Democratic,Republican,Democratic,0,Ballotpedia_component_history_retrieved_2026-08-23,https://ballotpedia.org/State_government_trifectas
OR,2007,Democratic,Democratic,Democratic,0,Ballotpedia_component_history_retrieved_2026-08-23,https://ballotpedia.org/State_government_trifectas
OR,2008,Democratic,Democratic,Democratic,0,Ballotpedia_component_history_retrieved_2026-08-23,https://ballotpedia.org/State_government_trifectas
OR,2009,Democratic,Democratic,Democratic,0,Ballotpedia_component_history_retrieved_2026-08-23,https://ballotpedia.org/State_government_trifectas
OR,2010,Democratic,Democratic,Democratic,0,Ballotpedia_component_history_retrieved_2026-08-23,https://ballotpedia.org/State_government_trifectas
OR,2011,Democratic,Split,Democratic,0,Ballotpedia_component_history_retrieved_2026-08-23,https://ballotpedia.org/State_government_trifectas
OR,2012,Democratic,Split,Democratic,0,Ballotpedia_component_history_retrieved_2026-08-23,https://ballotpedia.org/State_government_trifectas
OR,2013,Democratic,Democratic,Democratic,0,Ballotpedia_component_history_retrieved_2026-08-23,https://ballotpedia.org/State_government_trifectas
OR,2014,Democratic,Democratic,Democratic,0,Ballotpedia_component_history_retrieved_2026-08-23,https://ballotpedia.org/State_government_trifectas
OR,2015,Democratic,Democratic,Democratic,0,Ballotpedia_component_history_retrieved_2026-08-23,https://ballotpedia.org/State_government_trifectas
OR,2016,Democratic,Democratic,Democratic,0,Ballotpedia_component_history_retrieved_2026-08-23,https://ballotpedia.org/State_government_trifectas
OR,2017,Democratic,Democratic,Democratic,0,Ballotpedia_component_history_retrieved_2026-08-23,https://ballotpedia.org/State_government_trifectas
OR,2018,Democratic,Democratic,Democratic,0,Ballotpedia_component_history_retrieved_2026-08-23,https://ballotpedia.org/State_government_trifectas
OR,2019,Democratic,Democratic,Democratic,0,Ballotpedia_component_history_retrieved_2026-08-23,https://ballotpedia.org/State_government_trifectas
OR,2020,Democratic,Democratic,Democratic,0,Ballotpedia_component_history_retrieved_2026-08-23,https://ballotpedia.org/State_government_trifectas
OR,2021,Democratic,Democratic,Democratic,0,Ballotpedia_component_history_retrieved_2026-08-23,https://ballotpedia.org/State_government_trifectas
PA,2004,Democratic,Republican,Republican,0,Ballotpedia_component_history_retrieved_2026-08-23,https://ballotpedia.org/State_government_trifectas
PA,2005,Democratic,Republican,Republican,0,Ballotpedia_component_history_retrieved_2026-08-23,https://ballotpedia.org/State_government_trifectas
PA,2006,Democratic,Republican,Republican,0,Ballotpedia_component_history_retrieved_2026-08-23,https://ballotpedia.org/State_government_trifectas
PA,2007,Democratic,Democratic,Republican,0,Ballotpedia_component_history_retrieved_2026-08-23,https://ballotpedia.org/State_government_trifectas
PA,2008,Democratic,Democratic,Republican,0,Ballotpedia_component_history_retrieved_2026-08-23,https://ballotpedia.org/State_government_trifectas
PA,2009,Democratic,Democratic,Republican,0,Ballotpedia_component_history_retrieved_2026-08-23,https://ballotpedia.org/State_government_trifectas
PA,2010,Democratic,Democratic,Republican,0,Ballotpedia_component_history_retrieved_2026-08-23,https://ballotpedia.org/State_government_trifectas
PA,2011,Republican,Republican,Republican,1,Ballotpedia_component_history_retrieved_2026-08-23,https://ballotpedia.org/State_government_trifectas
PA,2012,Republican,Republican,Republican,1,Ballotpedia_component_history_retrieved_2026-08-23,https://ballotpedia.org/State_government_trifectas
PA,2013,Republican,Republican,Republican,1,Ballotpedia_component_history_retrieved_2026-08-23,https://ballotpedia.org/State_government_trifectas
PA,2014,Republican,Republican,Republican,1,Ballotpedia_component_history_retrieved_2026-08-23,https://ballotpedia.org/State_government_trifectas
PA,2015,Democratic,Republican,Republican,0,Ballotpedia_component_history_retrieved_2026-08-23,https://ballotpedia.org/State_government_trifectas
PA,2016,Democratic,Republican,Republican,0,Ballotpedia_component_history_retrieved_2026-08-23,https://ballotpedia.org/State_government_trifectas
PA,2017,Democratic,Republican,Republican,0,Ballotpedia_component_history_retrieved_2026-08-23,https://ballotpedia.org/State_government_trifectas
PA,2018,Democratic,Republican,Republican,0,Ballotpedia_component_history_retrieved_2026-08-23,https://ballotpedia.org/State_government_trifectas
PA,2019,Democratic,Republican,Republican,0,Ballotpedia_component_history_retrieved_2026-08-23,https://ballotpedia.org/State_government_trifectas
PA,2020,Democratic,Republican,Republican,0,Ballotpedia_component_history_retrieved_2026-08-23,https://ballotpedia.org/State_government_trifectas
PA,2021,Democratic,Republican,Republican,0,Ballotpedia_component_history_retrieved_2026-08-23,https://ballotpedia.org/State_government_trifectas
RI,2004,Republican,Democratic,Democratic,0,Ballotpedia_component_history_retrieved_2026-08-23,https://ballotpedia.org/State_government_trifectas
RI,2005,Republican,Democratic,Democratic,0,Ballotpedia_component_history_retrieved_2026-08-23,https://ballotpedia.org/State_government_trifectas
RI,2006,Republican,Democratic,Democratic,0,Ballotpedia_component_history_retrieved_2026-08-23,https://ballotpedia.org/State_government_trifectas
RI,2007,Republican,Democratic,Democratic,0,Ballotpedia_component_history_retrieved_2026-08-23,https://ballotpedia.org/State_government_trifectas
RI,2008,Republican,Democratic,Democratic,0,Ballotpedia_component_history_retrieved_2026-08-23,https://ballotpedia.org/State_government_trifectas
RI,2009,Republican,Democratic,Democratic,0,Ballotpedia_component_history_retrieved_2026-08-23,https://ballotpedia.org/State_government_trifectas
RI,2010,Republican,Democratic,Democratic,0,Ballotpedia_component_history_retrieved_2026-08-23,https://ballotpedia.org/State_government_trifectas
RI,2011,Independent,Democratic,Democratic,0,Ballotpedia_component_history_retrieved_2026-08-23,https://ballotpedia.org/State_government_trifectas
RI,2012,Independent,Democratic,Democratic,0,Ballotpedia_component_history_retrieved_2026-08-23,https://ballotpedia.org/State_government_trifectas
RI,2013,Democratic,Democratic,Democratic,0,Ballotpedia_component_history_retrieved_2026-08-23,https://ballotpedia.org/State_government_trifectas
RI,2014,Democratic,Democratic,Democratic,0,Ballotpedia_component_history_retrieved_2026-08-23,https://ballotpedia.org/State_government_trifectas
RI,2015,Democratic,Democratic,Democratic,0,Ballotpedia_component_history_retrieved_2026-08-23,https://ballotpedia.org/State_government_trifectas
RI,2016,Democratic,Democratic,Democratic,0,Ballotpedia_component_history_retrieved_2026-08-23,https://ballotpedia.org/State_government_trifectas
RI,2017,Democratic,Democratic,Democratic,0,Ballotpedia_component_history_retrieved_2026-08-23,https://ballotpedia.org/State_government_trifectas
RI,2018,Democratic,Democratic,Democratic,0,Ballotpedia_component_history_retrieved_2026-08-23,https://ballotpedia.org/State_government_trifectas
RI,2019,Democratic,Democratic,Democratic,0,Ballotpedia_component_history_retrieved_2026-08-23,https://ballotpedia.org/State_government_trifectas
RI,2020,Democratic,Democratic,Democratic,0,Ballotpedia_component_history_retrieved_2026-08-23,https://ballotpedia.org/State_government_trifectas
RI,2021,Democratic,Democratic,Democratic,0,Ballotpedia_component_history_retrieved_2026-08-23,https://ballotpedia.org/State_government_trifectas
SC,2004,Republican,Republican,Republican,1,Ballotpedia_component_history_retrieved_2026-08-23,https://ballotpedia.org/State_government_trifectas
SC,2005,Republican,Republican,Republican,1,Ballotpedia_component_history_retrieved_2026-08-23,https://ballotpedia.org/State_government_trifectas
SC,2006,Republican,Republican,Republican,1,Ballotpedia_component_history_retrieved_2026-08-23,https://ballotpedia.org/State_government_trifectas
SC,2007,Republican,Republican,Republican,1,Ballotpedia_component_history_retrieved_2026-08-23,https://ballotpedia.org/State_government_trifectas
SC,2008,Republican,Republican,Republican,1,Ballotpedia_component_history_retrieved_2026-08-23,https://ballotpedia.org/State_government_trifectas
SC,2009,Republican,Republican,Republican,1,Ballotpedia_component_history_retrieved_2026-08-23,https://ballotpedia.org/State_government_trifectas
SC,2010,Republican,Republican,Republican,1,Ballotpedia_component_history_retrieved_2026-08-23,https://ballotpedia.org/State_government_trifectas
SC,2011,Republican,Republican,Republican,1,Ballotpedia_component_history_retrieved_2026-08-23,https://ballotpedia.org/State_government_trifectas
SC,2012,Republican,Republican,Republican,1,Ballotpedia_component_history_retrieved_2026-08-23,https://ballotpedia.org/State_government_trifectas
SC,2013,Republican,Republican,Republican,1,Ballotpedia_component_history_retrieved_2026-08-23,https://ballotpedia.org/State_government_trifectas
SC,2014,Republican,Republican,Republican,1,Ballotpedia_component_history_retrieved_2026-08-23,https://ballotpedia.org/State_government_trifectas
SC,2015,Republican,Republican,Republican,1,Ballotpedia_component_history_retrieved_2026-08-23,https://ballotpedia.org/State_government_trifectas
SC,2016,Republican,Republican,Republican,1,Ballotpedia_component_history_retrieved_2026-08-23,https://ballotpedia.org/State_government_trifectas
SC,2017,Republican,Republican,Republican,1,Ballotpedia_component_history_retrieved_2026-08-23,https://ballotpedia.org/State_government_trifectas
SC,2018,Republican,Republican,Republican,1,Ballotpedia_component_history_retrieved_2026-08-23,https://ballotpedia.org/State_government_trifectas
SC,2019,Republican,Republican,Republican,1,Ballotpedia_component_history_retrieved_2026-08-23,https://ballotpedia.org/State_government_trifectas
SC,2020,Republican,Republican,Republican,1,Ballotpedia_component_history_retrieved_2026-08-23,https://ballotpedia.org/State_government_trifectas
SC,2021,Republican,Republican,Republican,1,Ballotpedia_component_history_retrieved_2026-08-23,https://ballotpedia.org/State_government_trifectas
SD,2004,Republican,Republican,Republican,1,Ballotpedia_component_history_retrieved_2026-08-23,https://ballotpedia.org/State_government_trifectas
SD,2005,Republican,Republican,Republican,1,Ballotpedia_component_history_retrieved_2026-08-23,https://ballotpedia.org/State_government_trifectas
SD,2006,Republican,Republican,Republican,1,Ballotpedia_component_history_retrieved_2026-08-23,https://ballotpedia.org/State_government_trifectas
SD,2007,Republican,Republican,Republican,1,Ballotpedia_component_history_retrieved_2026-08-23,https://ballotpedia.org/State_government_trifectas
SD,2008,Republican,Republican,Republican,1,Ballotpedia_component_history_retrieved_2026-08-23,https://ballotpedia.org/State_government_trifectas
SD,2009,Republican,Republican,Republican,1,Ballotpedia_component_history_retrieved_2026-08-23,https://ballotpedia.org/State_government_trifectas
SD,2010,Republican,Republican,Republican,1,Ballotpedia_component_history_retrieved_2026-08-23,https://ballotpedia.org/State_government_trifectas
SD,2011,Republican,Republican,Republican,1,Ballotpedia_component_history_retrieved_2026-08-23,https://ballotpedia.org/State_government_trifectas
SD,2012,Republican,Republican,Republican,1,Ballotpedia_component_history_retrieved_2026-08-23,https://ballotpedia.org/State_government_trifectas
SD,2013,Republican,Republican,Republican,1,Ballotpedia_component_history_retrieved_2026-08-23,https://ballotpedia.org/State_government_trifectas
SD,2014,Republican,Republican,Republican,1,Ballotpedia_component_history_retrieved_2026-08-23,https://ballotpedia.org/State_government_trifectas
SD,2015,Republican,Republican,Republican,1,Ballotpedia_component_history_retrieved_2026-08-23,https://ballotpedia.org/State_government_trifectas
SD,2016,Republican,Republican,Republican,1,Ballotpedia_component_history_retrieved_2026-08-23,https://ballotpedia.org/State_government_trifectas
SD,2017,Republican,Republican,Republican,1,Ballotpedia_component_history_retrieved_2026-08-23,https://ballotpedia.org/State_government_trifectas
SD,2018,Republican,Republican,Republican,1,Ballotpedia_component_history_retrieved_2026-08-23,https://ballotpedia.org/State_government_trifectas
SD,2019,Republican,Republican,Republican,1,Ballotpedia_component_history_retrieved_2026-08-23,https://ballotpedia.org/State_government_trifectas
SD,2020,Republican,Republican,Republican,1,Ballotpedia_component_history_retrieved_2026-08-23,https://ballotpedia.org/State_government_trifectas
SD,2021,Republican,Republican,Republican,1,Ballotpedia_component_history_retrieved_2026-08-23,https://ballotpedia.org/State_government_trifectas
TN,2004,Democratic,Democratic,Democratic,0,Ballotpedia_component_history_retrieved_2026-08-23,https://ballotpedia.org/State_government_trifectas
TN,2005,Democratic,Democratic,Republican,0,Ballotpedia_component_history_retrieved_2026-08-23,https://ballotpedia.org/State_government_trifectas
TN,2006,Democratic,Democratic,Republican,0,Ballotpedia_component_history_retrieved_2026-08-23,https://ballotpedia.org/State_government_trifectas
TN,2007,Democratic,Democratic,Split,0,Ballotpedia_component_history_retrieved_2026-08-23,https://ballotpedia.org/State_government_trifectas
TN,2008,Democratic,Democratic,Split,0,Ballotpedia_component_history_retrieved_2026-08-23,https://ballotpedia.org/State_government_trifectas
TN,2009,Democratic,Democratic,Republican,0,Ballotpedia_component_history_retrieved_2026-08-23,https://ballotpedia.org/State_government_trifectas
TN,2010,Democratic,Republican,Republican,0,Ballotpedia_component_history_retrieved_2026-08-23,https://ballotpedia.org/State_government_trifectas
TN,2011,Republican,Republican,Republican,1,Ballotpedia_component_history_retrieved_2026-08-23,https://ballotpedia.org/State_government_trifectas
TN,2012,Republican,Republican,Republican,1,Ballotpedia_component_history_retrieved_2026-08-23,https://ballotpedia.org/State_government_trifectas
TN,2013,Republican,Republican,Republican,1,Ballotpedia_component_history_retrieved_2026-08-23,https://ballotpedia.org/State_government_trifectas
TN,2014,Republican,Republican,Republican,1,Ballotpedia_component_history_retrieved_2026-08-23,https://ballotpedia.org/State_government_trifectas
TN,2015,Republican,Republican,Republican,1,Ballotpedia_component_history_retrieved_2026-08-23,https://ballotpedia.org/State_government_trifectas
TN,2016,Republican,Republican,Republican,1,Ballotpedia_component_history_retrieved_2026-08-23,https://ballotpedia.org/State_government_trifectas
TN,2017,Republican,Republican,Republican,1,Ballotpedia_component_history_retrieved_2026-08-23,https://ballotpedia.org/State_government_trifectas
TN,2018,Republican,Republican,Republican,1,Ballotpedia_component_history_retrieved_2026-08-23,https://ballotpedia.org/State_government_trifectas
TN,2019,Republican,Republican,Republican,1,Ballotpedia_component_history_retrieved_2026-08-23,https://ballotpedia.org/State_government_trifectas
TN,2020,Republican,Republican,Republican,1,Ballotpedia_component_history_retrieved_2026-08-23,https://ballotpedia.org/State_government_trifectas
TN,2021,Republican,Republican,Republican,1,Ballotpedia_component_history_retrieved_2026-08-23,https://ballotpedia.org/State_government_trifectas
TX,2004,Republican,Republican,Republican,1,Ballotpedia_component_history_retrieved_2026-08-23,https://ballotpedia.org/State_government_trifectas
TX,2005,Republican,Republican,Republican,1,Ballotpedia_component_history_retrieved_2026-08-23,https://ballotpedia.org/State_government_trifectas
TX,2006,Republican,Republican,Republican,1,Ballotpedia_component_history_retrieved_2026-08-23,https://ballotpedia.org/State_government_trifectas
TX,2007,Republican,Republican,Republican,1,Ballotpedia_component_history_retrieved_2026-08-23,https://ballotpedia.org/State_government_trifectas
TX,2008,Republican,Republican,Republican,1,Ballotpedia_component_history_retrieved_2026-08-23,https://ballotpedia.org/State_government_trifectas
TX,2009,Republican,Republican,Republican,1,Ballotpedia_component_history_retrieved_2026-08-23,https://ballotpedia.org/State_government_trifectas
TX,2010,Republican,Republican,Republican,1,Ballotpedia_component_history_retrieved_2026-08-23,https://ballotpedia.org/State_government_trifectas
TX,2011,Republican,Republican,Republican,1,Ballotpedia_component_history_retrieved_2026-08-23,https://ballotpedia.org/State_government_trifectas
TX,2012,Republican,Republican,Republican,1,Ballotpedia_component_history_retrieved_2026-08-23,https://ballotpedia.org/State_government_trifectas
TX,2013,Republican,Republican,Republican,1,Ballotpedia_component_history_retrieved_2026-08-23,https://ballotpedia.org/State_government_trifectas
TX,2014,Republican,Republican,Republican,1,Ballotpedia_component_history_retrieved_2026-08-23,https://ballotpedia.org/State_government_trifectas
TX,2015,Republican,Republican,Republican,1,Ballotpedia_component_history_retrieved_2026-08-23,https://ballotpedia.org/State_government_trifectas
TX,2016,Republican,Republican,Republican,1,Ballotpedia_component_history_retrieved_2026-08-23,https://ballotpedia.org/State_government_trifectas
TX,2017,Republican,Republican,Republican,1,Ballotpedia_component_history_retrieved_2026-08-23,https://ballotpedia.org/State_government_trifectas
TX,2018,Republican,Republican,Republican,1,Ballotpedia_component_history_retrieved_2026-08-23,https://ballotpedia.org/State_government_trifectas
TX,2019,Republican,Republican,Republican,1,Ballotpedia_component_history_retrieved_2026-08-23,https://ballotpedia.org/State_government_trifectas
TX,2020,Republican,Republican,Republican,1,Ballotpedia_component_history_retrieved_2026-08-23,https://ballotpedia.org/State_government_trifectas
TX,2021,Republican,Republican,Republican,1,Ballotpedia_component_history_retrieved_2026-08-23,https://ballotpedia.org/State_government_trifectas
UT,2004,Republican,Republican,Republican,1,Ballotpedia_component_history_retrieved_2026-08-23,https://ballotpedia.org/State_government_trifectas
UT,2005,Republican,Republican,Republican,1,Ballotpedia_component_history_retrieved_2026-08-23,https://ballotpedia.org/State_government_trifectas
UT,2006,Republican,Republican,Republican,1,Ballotpedia_component_history_retrieved_2026-08-23,https://ballotpedia.org/State_government_trifectas
UT,2007,Republican,Republican,Republican,1,Ballotpedia_component_history_retrieved_2026-08-23,https://ballotpedia.org/State_government_trifectas
UT,2008,Republican,Republican,Republican,1,Ballotpedia_component_history_retrieved_2026-08-23,https://ballotpedia.org/State_government_trifectas
UT,2009,Republican,Republican,Republican,1,Ballotpedia_component_history_retrieved_2026-08-23,https://ballotpedia.org/State_government_trifectas
UT,2010,Republican,Republican,Republican,1,Ballotpedia_component_history_retrieved_2026-08-23,https://ballotpedia.org/State_government_trifectas
UT,2011,Republican,Republican,Republican,1,Ballotpedia_component_history_retrieved_2026-08-23,https://ballotpedia.org/State_government_trifectas
UT,2012,Republican,Republican,Republican,1,Ballotpedia_component_history_retrieved_2026-08-23,https://ballotpedia.org/State_government_trifectas
UT,2013,Republican,Republican,Republican,1,Ballotpedia_component_history_retrieved_2026-08-23,https://ballotpedia.org/State_government_trifectas
UT,2014,Republican,Republican,Republican,1,Ballotpedia_component_history_retrieved_2026-08-23,https://ballotpedia.org/State_government_trifectas
UT,2015,Republican,Republican,Republican,1,Ballotpedia_component_history_retrieved_2026-08-23,https://ballotpedia.org/State_government_trifectas
UT,2016,Republican,Republican,Republican,1,Ballotpedia_component_history_retrieved_2026-08-23,https://ballotpedia.org/State_government_trifectas
UT,2017,Republican,Republican,Republican,1,Ballotpedia_component_history_retrieved_2026-08-23,https://ballotpedia.org/State_government_trifectas
UT,2018,Republican,Republican,Republican,1,Ballotpedia_component_history_retrieved_2026-08-23,https://ballotpedia.org/State_government_trifectas
UT,2019,Republican,Republican,Republican,1,Ballotpedia_component_history_retrieved_2026-08-23,https://ballotpedia.org/State_government_trifectas
UT,2020,Republican,Republican,Republican,1,Ballotpedia_component_history_retrieved_2026-08-23,https://ballotpedia.org/State_government_trifectas
UT,2021,Republican,Republican,Republican,1,Ballotpedia_component_history_retrieved_2026-08-23,https://ballotpedia.org/State_government_trifectas
VA,2004,Democratic,Republican,Republican,0,Ballotpedia_component_history_retrieved_2026-08-23,https://ballotpedia.org/State_government_trifectas
VA,2005,Democratic,Republican,Republican,0,Ballotpedia_component_history_retrieved_2026-08-23,https://ballotpedia.org/State_government_trifectas
VA,2006,Democratic,Republican,Republican,0,Ballotpedia_component_history_retrieved_2026-08-23,https://ballotpedia.org/State_government_trifectas
VA,2007,Democratic,Republican,Republican,0,Ballotpedia_component_history_retrieved_2026-08-23,https://ballotpedia.org/State_government_trifectas
VA,2008,Democratic,Republican,Democratic,0,Ballotpedia_component_history_retrieved_2026-08-23,https://ballotpedia.org/State_government_trifectas
VA,2009,Democratic,Republican,Democratic,0,Ballotpedia_component_history_retrieved_2026-08-23,https://ballotpedia.org/State_government_trifectas
VA,2010,Republican,Republican,Democratic,0,Ballotpedia_component_history_retrieved_2026-08-23,https://ballotpedia.org/State_government_trifectas
VA,2011,Republican,Republican,Democratic,0,Ballotpedia_component_history_retrieved_2026-08-23,https://ballotpedia.org/State_government_trifectas
VA,2012,Republican,Republican,Republican,1,Ballotpedia_component_history_retrieved_2026-08-23,https://ballotpedia.org/State_government_trifectas
VA,2013,Republican,Republican,Republican,1,Ballotpedia_component_history_retrieved_2026-08-23,https://ballotpedia.org/State_government_trifectas
VA,2014,Democratic,Republican,Democratic,0,Ballotpedia_component_history_retrieved_2026-08-23,https://ballotpedia.org/State_government_trifectas
VA,2015,Democratic,Republican,Republican,0,Ballotpedia_component_history_retrieved_2026-08-23,https://ballotpedia.org/State_government_trifectas
VA,2016,Democratic,Republican,Republican,0,Ballotpedia_component_history_retrieved_2026-08-23,https://ballotpedia.org/State_government_trifectas
VA,2017,Democratic,Republican,Republican,0,Ballotpedia_component_history_retrieved_2026-08-23,https://ballotpedia.org/State_government_trifectas
VA,2018,Democratic,Republican,Republican,0,Ballotpedia_component_history_retrieved_2026-08-23,https://ballotpedia.org/State_government_trifectas
VA,2019,Democratic,Republican,Republican,0,Ballotpedia_component_history_retrieved_2026-08-23,https://ballotpedia.org/State_government_trifectas
VA,2020,Democratic,Democratic,Democratic,0,Ballotpedia_component_history_retrieved_2026-08-23,https://ballotpedia.org/State_government_trifectas
VA,2021,Democratic,Democratic,Democratic,0,Ballotpedia_component_history_retrieved_2026-08-23,https://ballotpedia.org/State_government_trifectas
VT,2004,Republican,Republican,Democratic,0,Ballotpedia_component_history_retrieved_2026-08-23,https://ballotpedia.org/State_government_trifectas
VT,2005,Republican,Democratic,Democratic,0,Ballotpedia_component_history_retrieved_2026-08-23,https://ballotpedia.org/State_government_trifectas
VT,2006,Republican,Democratic,Democratic,0,Ballotpedia_component_history_retrieved_2026-08-23,https://ballotpedia.org/State_government_trifectas
VT,2007,Republican,Democratic,Democratic,0,Ballotpedia_component_history_retrieved_2026-08-23,https://ballotpedia.org/State_government_trifectas
VT,2008,Republican,Democratic,Democratic,0,Ballotpedia_component_history_retrieved_2026-08-23,https://ballotpedia.org/State_government_trifectas
VT,2009,Republican,Democratic,Democratic,0,Ballotpedia_component_history_retrieved_2026-08-23,https://ballotpedia.org/State_government_trifectas
VT,2010,Republican,Democratic,Democratic,0,Ballotpedia_component_history_retrieved_2026-08-23,https://ballotpedia.org/State_government_trifectas
VT,2011,Democratic,Democratic,Democratic,0,Ballotpedia_component_history_retrieved_2026-08-23,https://ballotpedia.org/State_government_trifectas
VT,2012,Democratic,Democratic,Democratic,0,Ballotpedia_component_history_retrieved_2026-08-23,https://ballotpedia.org/State_government_trifectas
VT,2013,Democratic,Democratic,Democratic,0,Ballotpedia_component_history_retrieved_2026-08-23,https://ballotpedia.org/State_government_trifectas
VT,2014,Democratic,Democratic,Democratic,0,Ballotpedia_component_history_retrieved_2026-08-23,https://ballotpedia.org/State_government_trifectas
VT,2015,Democratic,Democratic,Democratic,0,Ballotpedia_component_history_retrieved_2026-08-23,https://ballotpedia.org/State_government_trifectas
VT,2016,Democratic,Democratic,Democratic,0,Ballotpedia_component_history_retrieved_2026-08-23,https://ballotpedia.org/State_government_trifectas
VT,2017,Republican,Democratic,Democratic,0,Ballotpedia_component_history_retrieved_2026-08-23,https://ballotpedia.org/State_government_trifectas
VT,2018,Republican,Democratic,Democratic,0,Ballotpedia_component_history_retrieved_2026-08-23,https://ballotpedia.org/State_government_trifectas
VT,2019,Republican,Democratic,Democratic,0,Ballotpedia_component_history_retrieved_2026-08-23,https://ballotpedia.org/State_government_trifectas
VT,2020,Republican,Democratic,Democratic,0,Ballotpedia_component_history_retrieved_2026-08-23,https://ballotpedia.org/State_government_trifectas
VT,2021,Republican,Democratic,Democratic,0,Ballotpedia_component_history_retrieved_2026-08-23,https://ballotpedia.org/State_government_trifectas
WA,2004,Democratic,Democratic,Republican,0,Ballotpedia_component_history_retrieved_2026-08-23,https://ballotpedia.org/State_government_trifectas
WA,2005,Democratic,Democratic,Democratic,0,Ballotpedia_component_history_retrieved_2026-08-23,https://ballotpedia.org/State_government_trifectas
WA,2006,Democratic,Democratic,Democratic,0,Ballotpedia_component_history_retrieved_2026-08-23,https://ballotpedia.org/State_government_trifectas
WA,2007,Democratic,Democratic,Democratic,0,Ballotpedia_component_history_retrieved_2026-08-23,https://ballotpedia.org/State_government_trifectas
WA,2008,Democratic,Democratic,Democratic,0,Ballotpedia_component_history_retrieved_2026-08-23,https://ballotpedia.org/State_government_trifectas
WA,2009,Democratic,Democratic,Democratic,0,Ballotpedia_component_history_retrieved_2026-08-23,https://ballotpedia.org/State_government_trifectas
WA,2010,Democratic,Democratic,Democratic,0,Ballotpedia_component_history_retrieved_2026-08-23,https://ballotpedia.org/State_government_trifectas
WA,2011,Democratic,Democratic,Democratic,0,Ballotpedia_component_history_retrieved_2026-08-23,https://ballotpedia.org/State_government_trifectas
WA,2012,Democratic,Democratic,Democratic,0,Ballotpedia_component_history_retrieved_2026-08-23,https://ballotpedia.org/State_government_trifectas
WA,2013,Democratic,Democratic,Republican,0,Ballotpedia_component_history_retrieved_2026-08-23,https://ballotpedia.org/State_government_trifectas
WA,2014,Democratic,Democratic,Republican,0,Ballotpedia_component_history_retrieved_2026-08-23,https://ballotpedia.org/State_government_trifectas
WA,2015,Democratic,Democratic,Republican,0,Ballotpedia_component_history_retrieved_2026-08-23,https://ballotpedia.org/State_government_trifectas
WA,2016,Democratic,Democratic,Republican,0,Ballotpedia_component_history_retrieved_2026-08-23,https://ballotpedia.org/State_government_trifectas
WA,2017,Democratic,Democratic,Republican,0,Ballotpedia_component_history_retrieved_2026-08-23,https://ballotpedia.org/State_government_trifectas
WA,2018,Democratic,Democratic,Democratic,0,Ballotpedia_component_history_retrieved_2026-08-23,https://ballotpedia.org/State_government_trifectas
WA,2019,Democratic,Democratic,Democratic,0,Ballotpedia_component_history_retrieved_2026-08-23,https://ballotpedia.org/State_government_trifectas
WA,2020,Democratic,Democratic,Democratic,0,Ballotpedia_component_history_retrieved_2026-08-23,https://ballotpedia.org/State_government_trifectas
WA,2021,Democratic,Democratic,Democratic,0,Ballotpedia_component_history_retrieved_2026-08-23,https://ballotpedia.org/State_government_trifectas
WI,2004,Democratic,Republican,Republican,0,Ballotpedia_component_history_retrieved_2026-08-23,https://ballotpedia.org/State_government_trifectas
WI,2005,Democratic,Republican,Republican,0,Ballotpedia_component_history_retrieved_2026-08-23,https://ballotpedia.org/State_government_trifectas
WI,2006,Democratic,Republican,Republican,0,Ballotpedia_component_history_retrieved_2026-08-23,https://ballotpedia.org/State_government_trifectas
WI,2007,Democratic,Republican,Democratic,0,Ballotpedia_component_history_retrieved_2026-08-23,https://ballotpedia.org/State_government_trifectas
WI,2008,Democratic,Republican,Democratic,0,Ballotpedia_component_history_retrieved_2026-08-23,https://ballotpedia.org/State_government_trifectas
WI,2009,Democratic,Democratic,Democratic,0,Ballotpedia_component_history_retrieved_2026-08-23,https://ballotpedia.org/State_government_trifectas
WI,2010,Democratic,Democratic,Democratic,0,Ballotpedia_component_history_retrieved_2026-08-23,https://ballotpedia.org/State_government_trifectas
WI,2011,Republican,Republican,Republican,1,Ballotpedia_component_history_retrieved_2026-08-23,https://ballotpedia.org/State_government_trifectas
WI,2012,Republican,Republican,Republican,1,Ballotpedia_component_history_retrieved_2026-08-23,https://ballotpedia.org/State_government_trifectas
WI,2013,Republican,Republican,Republican,1,Ballotpedia_component_history_retrieved_2026-08-23,https://ballotpedia.org/State_government_trifectas
WI,2014,Republican,Republican,Republican,1,Ballotpedia_component_history_retrieved_2026-08-23,https://ballotpedia.org/State_government_trifectas
WI,2015,Republican,Republican,Republican,1,Ballotpedia_component_history_retrieved_2026-08-23,https://ballotpedia.org/State_government_trifectas
WI,2016,Republican,Republican,Republican,1,Ballotpedia_component_history_retrieved_2026-08-23,https://ballotpedia.org/State_government_trifectas
WI,2017,Republican,Republican,Republican,1,Ballotpedia_component_history_retrieved_2026-08-23,https://ballotpedia.org/State_government_trifectas
WI,2018,Republican,Republican,Republican,1,Ballotpedia_component_history_retrieved_2026-08-23,https://ballotpedia.org/State_government_trifectas
WI,2019,Democratic,Republican,Republican,0,Ballotpedia_component_history_retrieved_2026-08-23,https://ballotpedia.org/State_government_trifectas
WI,2020,Democratic,Republican,Republican,0,Ballotpedia_component_history_retrieved_2026-08-23,https://ballotpedia.org/State_government_trifectas
WI,2021,Democratic,Republican,Republican,0,Ballotpedia_component_history_retrieved_2026-08-23,https://ballotpedia.org/State_government_trifectas
WV,2004,Democratic,Democratic,Democratic,0,Ballotpedia_component_history_retrieved_2026-08-23,https://ballotpedia.org/State_government_trifectas
WV,2005,Democratic,Democratic,Democratic,0,Ballotpedia_component_history_retrieved_2026-08-23,https://ballotpedia.org/State_government_trifectas
WV,2006,Democratic,Democratic,Democratic,0,Ballotpedia_component_history_retrieved_2026-08-23,https://ballotpedia.org/State_government_trifectas
WV,2007,Democratic,Democratic,Democratic,0,Ballotpedia_component_history_retrieved_2026-08-23,https://ballotpedia.org/State_government_trifectas
WV,2008,Democratic,Democratic,Democratic,0,Ballotpedia_component_history_retrieved_2026-08-23,https://ballotpedia.org/State_government_trifectas
WV,2009,Democratic,Democratic,Democratic,0,Ballotpedia_component_history_retrieved_2026-08-23,https://ballotpedia.org/State_government_trifectas
WV,2010,Democratic,Democratic,Democratic,0,Ballotpedia_component_history_retrieved_2026-08-23,https://ballotpedia.org/State_government_trifectas
WV,2011,Democratic,Democratic,Democratic,0,Ballotpedia_component_history_retrieved_2026-08-23,https://ballotpedia.org/State_government_trifectas
WV,2012,Democratic,Democratic,Democratic,0,Ballotpedia_component_history_retrieved_2026-08-23,https://ballotpedia.org/State_government_trifectas
WV,2013,Democratic,Democratic,Democratic,0,Ballotpedia_component_history_retrieved_2026-08-23,https://ballotpedia.org/State_government_trifectas
WV,2014,Democratic,Democratic,Democratic,0,Ballotpedia_component_history_retrieved_2026-08-23,https://ballotpedia.org/State_government_trifectas
WV,2015,Democratic,Republican,Republican,0,Ballotpedia_component_history_retrieved_2026-08-23,https://ballotpedia.org/State_government_trifectas
WV,2016,Democratic,Republican,Republican,0,Ballotpedia_component_history_retrieved_2026-08-23,https://ballotpedia.org/State_government_trifectas
WV,2017,Democratic,Republican,Republican,0,Ballotpedia_component_history_retrieved_2026-08-23,https://ballotpedia.org/State_government_trifectas
WV,2018,Republican,Republican,Republican,1,Ballotpedia_component_history_retrieved_2026-08-23,https://ballotpedia.org/State_government_trifectas
WV,2019,Republican,Republican,Republican,1,Ballotpedia_component_history_retrieved_2026-08-23,https://ballotpedia.org/State_government_trifectas
WV,2020,Republican,Republican,Republican,1,Ballotpedia_component_history_retrieved_2026-08-23,https://ballotpedia.org/State_government_trifectas
WV,2021,Republican,Republican,Republican,1,Ballotpedia_component_history_retrieved_2026-08-23,https://ballotpedia.org/State_government_trifectas
WY,2004,Democratic,Republican,Republican,0,Ballotpedia_component_history_retrieved_2026-08-23,https://ballotpedia.org/State_government_trifectas
WY,2005,Democratic,Republican,Republican,0,Ballotpedia_component_history_retrieved_2026-08-23,https://ballotpedia.org/State_government_trifectas
WY,2006,Democratic,Republican,Republican,0,Ballotpedia_component_history_retrieved_2026-08-23,https://ballotpedia.org/State_government_trifectas
WY,2007,Democratic,Republican,Republican,0,Ballotpedia_component_history_retrieved_2026-08-23,https://ballotpedia.org/State_government_trifectas
WY,2008,Democratic,Republican,Republican,0,Ballotpedia_component_history_retrieved_2026-08-23,https://ballotpedia.org/State_government_trifectas
WY,2009,Democratic,Republican,Republican,0,Ballotpedia_component_history_retrieved_2026-08-23,https://ballotpedia.org/State_government_trifectas
WY,2010,Democratic,Republican,Republican,0,Ballotpedia_component_history_retrieved_2026-08-23,https://ballotpedia.org/State_government_trifectas
WY,2011,Republican,Republican,Republican,1,Ballotpedia_component_history_retrieved_2026-08-23,https://ballotpedia.org/State_government_trifectas
WY,2012,Republican,Republican,Republican,1,Ballotpedia_component_history_retrieved_2026-08-23,https://ballotpedia.org/State_government_trifectas
WY,2013,Republican,Republican,Republican,1,Ballotpedia_component_history_retrieved_2026-08-23,https://ballotpedia.org/State_government_trifectas
WY,2014,Republican,Republican,Republican,1,Ballotpedia_component_history_retrieved_2026-08-23,https://ballotpedia.org/State_government_trifectas
WY,2015,Republican,Republican,Republican,1,Ballotpedia_component_history_retrieved_2026-08-23,https://ballotpedia.org/State_government_trifectas
WY,2016,Republican,Republican,Republican,1,Ballotpedia_component_history_retrieved_2026-08-23,https://ballotpedia.org/State_government_trifectas
WY,2017,Republican,Republican,Republican,1,Ballotpedia_component_history_retrieved_2026-08-23,https://ballotpedia.org/State_government_trifectas
WY,2018,Republican,Republican,Republican,1,Ballotpedia_component_history_retrieved_2026-08-23,https://ballotpedia.org/State_government_trifectas
WY,2019,Republican,Republican,Republican,1,Ballotpedia_component_history_retrieved_2026-08-23,https://ballotpedia.org/State_government_trifectas
WY,2020,Republican,Republican,Republican,1,Ballotpedia_component_history_retrieved_2026-08-23,https://ballotpedia.org/State_government_trifectas
WY,2021,Republican,Republican,Republican,1,Ballotpedia_component_history_retrieved_2026-08-23,https://ballotpedia.org/State_government_trifectas
