state,year,atr,atr_top5,atr_top1,atr_top5nw,atr_top1nw,rs,beta
AK,2004,0.0,0.0,0.0,0.0,0.0,0.0,0.0
AK,2005,0.0,0.0,0.0,0.0,0.0,0.0,0.0
AK,2006,0.0,0.0,0.0,0.0,0.0,0.0,0.0
AK,2007,0.0,0.0,0.0,0.0,0.0,0.0,0.0
AK,2008,0.0,0.0,0.0,0.0,0.0,0.0,0.0
AK,2009,0.0,0.0,0.0,0.0,0.0,0.0,0.0
AK,2010,0.0,0.0,0.0,0.0,0.0,0.0,0.0
AK,2011,0.0,0.0,0.0,0.0,0.0,0.0,0.0
AK,2012,0.0,0.0,0.0,0.0,0.0,0.0,0.0
AK,2013,0.0,0.0,0.0,0.0,0.0,0.0,0.0
AK,2014,0.0,0.0,0.0,0.0,0.0,0.0,0.0
AK,2015,0.0,0.0,0.0,0.0,0.0,0.0,0.0
AK,2016,0.0,0.0,0.0,0.0,0.0,0.0,0.0
AK,2017,0.0,0.0,0.0,0.0,0.0,0.0,0.0
AK,2018,0.0,0.0,0.0,0.0,0.0,0.0,0.0
AK,2019,0.0,0.0,0.0,0.0,0.0,0.0,0.0
AK,2020,0.0,0.0,0.0,0.0,0.0,0.0,0.0
AK,2021,0.0,0.0,0.0,0.0,0.0,0.0,0.0
AL,2004,3.564301367601932,3.3895244934882425,3.3103041134144795,3.4109462941773607,3.397212990952767,0.012869893861144899,1.0784511834906403
AL,2005,3.5722354948924333,3.387323775022376,3.310175814315195,3.410010381532466,3.3967657790096935,0.006001819674139597,1.019328816235221
AL,2006,3.585577169905873,3.3989669194668486,3.324983244008767,3.4217691091527693,3.410470930681925,0.001600851956051752,0.9725069475778185
AL,2007,3.558500148441503,3.4018174163287322,3.3263207153348504,3.4243428182403206,3.4118314115244304,0.041104397742763865,1.7293303357475047
AL,2008,3.572718538996235,3.4119127210671705,3.3430850330522386,3.4357942480669097,3.425567625340716,0.0325379817023852,1.6516342840701161
AL,2009,3.584559342979749,3.4153519065133784,3.346191089967654,3.4403759810975774,3.4279775977268945,0.03217466551981296,1.6634510078135314
AL,2010,3.590171025113561,3.426137474430874,3.363700435869213,3.4513754689563667,3.4417427241700036,0.03010087721639909,1.6332547928809296
AL,2011,3.624782815297189,3.4427513479110257,3.3712239308861207,3.4663171194354643,3.449414061193109,0.02403886760551366,1.5922208668620264
AL,2012,3.633713831880677,3.445185670158054,3.3715977435364746,3.4684083452321417,3.450191167299659,0.019068970331292956,1.5496968044434616
AL,2013,3.543244884217918,3.228024849160997,3.033228029104377,3.236162913802501,3.109566616208937,-0.01624577402820071,1.3759019353327435
AL,2014,3.54788433246199,3.2272493622013783,3.0328860002455467,3.235775081482113,3.109180750887169,-0.020197185853609856,1.340540506169254
AL,2015,3.5532643662333956,3.231368319347803,3.035184317305221,3.2396559557604023,3.1114859598057145,-0.02035008306956465,1.3416762195212542
AL,2016,3.554746899214563,3.229593019897869,3.0341307297773947,3.2380698711838294,3.1103965040641377,-0.02327258626819706,1.3131990498612387
AL,2017,3.5535718446746336,3.221080248207238,3.0296385186117574,3.230946417076199,3.1060596252862,-0.02886701223978605,1.2610708298664997
AL,2018,3.689481129932832,3.3821480882917583,3.1604383273870473,3.3803387071510005,3.228607209721778,-0.015259760809516187,1.3515627677196251
AL,2019,3.690447412278816,3.3810282306585937,3.16014201107796,3.37975461797792,3.2281870477322694,-0.015498261568480665,1.312607411568857
AL,2020,3.694287657356025,3.380178705720984,3.159956448761739,3.3795103671387063,3.228010500861344,-0.0184280516372759,1.2860924094287163
AL,2021,3.708848950208334,3.3688215183846033,3.15291524511152,3.3697323269926214,3.2209251142123168,-0.03095734524931615,1.1784276116936248
AR,2004,5.277722850360416,6.744933966533456,6.909321445013729,6.665795035170549,6.785665403167356,0.7501148524566847,5.925670737816358
AR,2005,5.011651750475829,6.514915149837738,6.69449440134847,6.435024649177213,6.570416786452442,0.7412236495353497,5.672216012194299
AR,2006,5.02540312624276,6.5179750630774045,6.695678704182792,6.439385261414932,6.57259868244899,0.7370369580603775,5.655580538030139
AR,2007,5.028067775314241,6.519379772768055,6.696180258724234,6.441529102875059,6.573677425920195,0.7394622868215572,5.7103337525729785
AR,2008,5.06034622985832,6.527780776381808,6.699488949258598,6.451485389066835,6.578493140057131,0.7320387758427804,5.709772667866579
AR,2009,5.023039951455393,6.517759843946924,6.6954678640167895,6.440260533733101,6.573268996005728,0.7385492102161773,5.702675195981881
AR,2010,5.044768470501071,6.523300963150429,6.697660225268987,6.446751949012921,6.5763514407334736,0.7336451031414004,5.702850755961945
AR,2011,5.07206695966648,6.532097152199642,6.701836431468397,6.457255809114973,6.581721817501363,0.7298806867007568,5.718307865499051
AR,2012,5.076197394461351,6.5327487883903075,6.702056798423398,6.458356489563397,6.58230266782226,0.7276914641769161,5.720697214316521
AR,2013,5.085926370235929,6.534943792918132,6.702204280282154,6.460827879770765,6.583175334007157,0.7273344165274143,5.729794340248862
AR,2014,5.079698998369119,6.5176327289456815,6.667825560491161,6.439983826394667,6.535131470862205,0.7243734418213355,5.720278468779691
AR,2015,4.9967637309251405,6.4515957084659945,6.584108772877666,6.36517050549201,6.41740563623883,0.7300194012224481,5.675121888109333
AR,2016,4.775512010990095,6.3543419193867505,6.468634017925701,6.246320984409783,6.2878294753235195,0.7305560982063364,5.472870957728267
AR,2017,4.794385063007778,6.35965188831885,6.470458331338431,6.2522934740444205,6.290487388734361,0.7258568675711619,5.477417648713215
AR,2018,4.7988355982566535,6.355169166252411,6.468342239632945,6.249237628009219,6.288294920597087,0.7219483323547493,5.469170850138225
AR,2019,4.76636906296624,6.362549166995123,6.4710632812179005,6.254568477420669,6.29114376371826,0.7523146456300922,5.560368064051069
AR,2020,4.6500777173390215,6.125520060640787,6.205450964017359,6.023630485590464,6.037901699244346,0.7150359842318599,5.390406942765627
AR,2021,4.48330993699483,5.6248363854356525,5.606552382052702,5.538848187190395,5.474370412473756,0.6250412142826178,5.058188080057539
AZ,2004,3.0693032669847824,4.382094061519383,4.710366693365964,4.348852959848767,4.654346050106492,0.529172339902817,3.979234178903469
AZ,2005,3.0987545929539673,4.397452464018457,4.717582998903898,4.364041522184039,4.662726234115493,0.5243969219189348,3.9387428735543404
AZ,2006,2.9583720254034027,4.170101679199544,4.459563415783693,4.137783902645992,4.409693605767407,0.4931852101704215,3.7474182991453198
AZ,2007,2.822708976343932,3.9680001925977297,4.240757385450336,3.9378947164157814,4.1936280387038005,0.46619248604578,3.5649210512608116
AZ,2008,2.839607009855812,3.955220772208809,4.20941848133485,3.924348996411303,4.1653584730209845,0.45847853907240443,3.526035581304762
AZ,2009,2.8259800548327823,3.952472729144314,4.208549903400533,3.9211802914454337,4.1640183517126115,0.4632891669270611,3.548436903525803
AZ,2010,2.832325899979235,3.93129162576627,4.173483070817099,3.899701436419484,4.131367492759089,0.45547980806079913,3.5127337912518404
AZ,2011,2.8591499255066295,3.9427111333795866,4.178648085301365,3.9116363732632946,4.137585579339037,0.45066446842371155,3.48681200227227
AZ,2012,2.8702922983362074,3.9496753310066777,4.1819834493611525,3.918654696418062,4.141502278925838,0.4500324897842467,3.483235810990186
AZ,2013,2.9001783128567524,4.020309603299756,4.287456181457577,3.9928472045227914,4.242008645945339,0.45985651161563057,3.5187030957086614
AZ,2014,2.911396439688022,4.025811569174365,4.289975636375748,3.9985095576458405,4.245049545230211,0.458268143118723,3.5117112228378997
AZ,2015,2.901965319279483,4.020742133059248,4.287611850041439,3.9932650104731695,4.242199689392464,0.45881419544929747,3.5096427138788906
AZ,2016,2.912397549957504,4.025165011844494,4.289605826295554,3.997877701495735,4.244646495681523,0.45693104986146427,3.5002908659988172
AZ,2017,2.9180496408104797,4.02748123671012,4.290729252830662,4.000232274913117,4.245974265741033,0.45497105012684,3.481135542674522
AZ,2018,2.933583544235505,4.065824338203982,4.346292249866082,4.039925083625437,4.2988698354517725,0.4594467167022387,3.4876143195709277
AZ,2019,2.6664211847596166,3.973232817177258,4.287916148329553,3.9381269947689153,4.230279248716154,0.519497783765277,3.6340151252058757
AZ,2020,2.659432827808551,3.9679213128565562,4.285288804904507,3.9327363398779407,4.227306385279902,0.5186105877648006,3.622661639419533
AZ,2021,2.693421246680921,3.9821484773562474,4.29141845580912,3.9475125411968652,4.235082612746348,0.5128203645313967,3.5985079326703344
CA,2004,4.929045735374157,8.309438918970018,8.922749678852233,8.189841230624173,8.798349941185831,1.3007535155420413,6.899235841211367
CA,2005,5.001371605446541,8.475061668170198,9.23872359978643,8.371780313295748,9.166613482650533,1.3259452753121126,7.003107589574101
CA,2006,4.963431626721418,8.463100166479952,9.242587470342578,8.360319185832102,9.167365878077188,1.3268825866782796,6.974963992881912
CA,2007,4.957401671300798,8.464210183830655,9.249544732936807,8.361762704208873,9.173472167383675,1.3275983035696326,6.971602963207247
CA,2008,4.92991729325108,8.458189256523475,9.256642726197748,8.355799042976807,9.177959789680658,1.3286565789569438,6.951627912946823
CA,2009,5.306048332054767,8.73863752358448,9.508534807644828,8.630076251570081,9.43560738436678,1.3395702973173051,7.2631011867898625
CA,2010,5.326617010059083,8.748920405297493,9.516491401548237,8.641221844487648,9.444124491121624,1.3395266635350955,7.279052709675126
CA,2011,4.995661410376321,8.493215143412254,9.281674966526113,8.394003892972826,9.205690444250807,1.3306519377002335,7.0079172067957565
CA,2012,5.297488180288069,9.353701381740432,10.913763946087283,9.326839592323411,10.850944825031595,1.4677155182006518,7.503989862636204
CA,2013,5.2878419062601765,9.348129826538772,10.912325413304881,9.320165949439021,10.848689649228898,1.4672177040781942,7.496656231908219
CA,2014,5.272899483072223,9.341141447559206,10.90970033345647,9.313042792979443,10.846046608355064,1.467002900096348,7.484152147455943
CA,2015,5.215279777076761,9.32084586418916,10.892832253705354,9.291437279817776,10.83047103060711,1.5019174593618234,8.551294448780627
CA,2016,5.192402165513104,9.30879105581352,10.885171977518151,9.278923522577749,10.82322753148299,1.5020896471412915,8.558400684159473
CA,2017,5.17138936617693,9.30449270718463,10.886065650368401,9.274484666373123,10.823443963129954,1.5143252990543976,8.917727061484474
CA,2018,5.1286672876459765,9.284058072484523,10.873836960524228,9.253095877923888,10.81174415451746,1.5188618912534535,9.047459805710377
CA,2019,5.069984821622915,9.265273659757142,10.86160555759017,9.233124510012882,10.80023293971267,1.5461995028952624,9.406680702514524
CA,2020,5.068422117918854,9.26439226000371,10.86344124506482,9.232241741917749,10.801620333572302,1.5430258490633841,9.36819290342045
CA,2021,5.0848578583557575,9.27937357636851,10.886185362193673,9.248681860814617,10.820549687888315,1.5409020027001064,9.277734461090802
CO,2004,3.418785119196163,4.464331865960697,4.608975899865093,4.3927696947504975,4.545095156302935,0.5169966745168231,3.8187110007344076
CO,2005,3.3899417148835167,4.4609213110689625,4.606966383760769,4.3889317218312325,4.543053142732075,0.5335618753989024,4.046979611539716
CO,2006,3.422289621845803,4.455024750727002,4.599384098491965,4.385572868231316,4.538770847026214,0.5142107344063951,3.814622251224824
CO,2007,3.4193434688318933,4.4546766554017685,4.599343817019314,4.385702946054118,4.5384671343158365,0.5155197284322233,3.8191933299149543
CO,2008,3.4282517310109126,4.441764004640594,4.58781418212757,4.375114731370942,4.529237671735405,0.5098670470292554,3.806565542784442
CO,2009,3.38912938974751,4.430957952832054,4.5864359502608325,4.364870283808917,4.525580100837819,0.5197114031404215,3.821070478127197
CO,2010,3.397206335314318,4.415418204169388,4.574769537411566,4.35258525936246,4.515896471926009,0.5135068607244553,3.8063369958628495
CO,2011,3.412526723923828,4.419713920826766,4.575768795364925,4.357663400598512,4.517981404919411,0.5101048568793676,3.80355031402283
CO,2012,3.4103114460231874,4.41965200547461,4.575750567349531,4.35806275102323,4.518184413031077,0.5111667098373851,3.806986470753966
CO,2013,3.4230797349897975,4.47641726708664,4.613990037111121,4.409301459707621,4.55507462775823,0.521869273536002,3.8448938121641225
CO,2014,3.4258750599872596,4.477314497227828,4.614526587871033,4.410798259151252,4.556118925413934,0.5214936862128261,3.8458198782464232
CO,2015,3.327141084665655,4.4609744088923335,4.608772183645433,4.394671587519964,4.548007622816519,0.5953247865062017,4.898648510944461
CO,2016,3.3693748617495975,4.477591209212565,4.614677739886503,4.410686091529907,4.556045728549019,0.581876491891753,4.741922663042252
CO,2017,3.386990065067289,4.481588753066869,4.614975483592416,4.415442096069433,4.558302830038951,0.5766729634495871,4.730683012898121
CO,2018,3.4052560561262086,4.407639509330836,4.545133702412612,4.33855565406183,4.497723065762731,0.5545538498102909,4.7811381762425595
CO,2019,3.310666527209524,4.2847859606780245,4.417817320351116,4.218167161645878,4.372088683177919,0.5399431270734945,4.673317893591434
CO,2020,3.345797799875803,4.332173034773531,4.466773289613351,4.265083540591776,4.4206546452149045,0.5466629418207969,4.7198935723388065
CO,2021,3.255674724194701,4.2582695168017,4.406992906518272,4.195525213027114,4.359697868354648,0.5624173825428902,5.17339687547407
CT,2004,3.794597222254581,4.9209198131547565,4.968325045447684,4.887965447840168,4.963325191415444,0.7029587286867311,4.7591089915194065
CT,2005,3.8447512318376296,4.924809301652028,4.9693091428360425,4.8941439835206415,4.965115859167352,0.6878925342851172,4.770804905221646
CT,2006,3.89244068019927,4.931464493312514,4.970623740862278,4.903069411177572,4.970153656823677,0.6734275323872718,4.782081395572088
CT,2007,3.930320511728832,4.934871282269633,4.971237434744517,4.907896459556592,4.971368849705939,0.6617112520051815,4.790886366520341
CT,2008,3.9810816819794996,4.942227573533777,4.972890343377866,4.915738970770491,4.974787737427915,0.6467593911957614,4.8077416682047645
CT,2009,4.072533553302214,5.220634748421209,5.518136341967316,5.218110257013085,5.590823691287049,0.6921665599507687,4.9667956033337015
CT,2010,4.097640686327381,5.228146494765077,5.527116969950875,5.226971271271104,5.599450780991752,0.6845173650082415,4.973838706533657
CT,2011,4.443629972272614,6.244511057707032,6.695763964754053,6.236511485982179,6.563109904325084,1.0101293617184481,8.352144190258599
CT,2012,4.46962276882435,6.257022954589923,6.697729070550357,6.249073088862544,6.568666839332597,1.008612716545565,8.380521089978096
CT,2013,4.509947665997501,6.265763559526546,6.698585499569384,6.25791812473868,6.572713171482112,0.9822912269049744,7.9722241802797456
CT,2014,4.516428759157099,6.2750472405174476,6.699175740328532,6.267147526680253,6.576656869918846,0.9954694887486681,8.211388741789845
CT,2015,4.57126132487515,6.4422326234940686,6.980806467660015,6.44427359820348,6.8247995628021165,1.0253264787227434,8.331305828468661
CT,2016,4.588380529329196,6.451115398782335,6.982658135442061,6.453028673614075,6.8287280460418955,1.022881423203681,8.332685147159589
CT,2017,4.6497864197704075,6.4654524289549204,6.984977687278457,6.46753491041139,6.835021830006279,0.9840567464090122,7.924550159877333
CT,2018,4.6906208562214555,6.481246554550164,6.986149609985383,6.483165263876689,6.841969995017601,0.9716252311667728,7.926951645809851
CT,2019,4.646146862130697,6.4927405408786925,6.986609109733477,6.486100689067414,6.844497152019164,0.9937700786520676,7.933156103419309
CT,2020,4.598425136964127,6.5007249711747015,6.986889210837051,6.486072448538158,6.845100598322082,1.0137156386715418,7.9301937370705105
CT,2021,4.574773016938881,6.530295433522802,6.986489187024303,6.508187957768016,6.855459922008517,1.063022128199953,9.001853162608176
DC,2004,7.04819965398548,8.848147138030397,9.118377723837071,8.79235519034886,9.072779757276278,0.9543577877442977,8.589818410316525
DC,2005,6.918108790074901,8.602591990291216,8.840315335143975,8.55305890607945,8.801600621952522,0.9479424585400631,9.161088773932391
DC,2006,6.393078691796859,8.214294092565622,8.505201271318697,8.157899202135491,8.454164627159226,0.9544487455354078,8.990072061320205
DC,2007,6.2481690498547815,8.053485224111803,8.321497689804005,7.996080424979291,8.274317019985853,0.9747609241624655,9.031058695846003
DC,2008,5.81883213667463,7.918585853280763,8.266953315880732,7.848848804304565,8.201847835881493,1.0461776658206245,9.457537273262416
DC,2009,5.768484724658282,7.916110027546378,8.266109789885295,7.846265598794139,8.200693936290971,1.08843060414332,9.6927614995369
DC,2010,5.801329593557475,7.925547848312082,8.269889845737284,7.856416119281807,8.205644401403502,1.0787669827471813,9.65558959822004
DC,2011,5.858297318304686,7.9430320146929905,8.276891527894236,7.8751841093295605,8.214856694693184,1.0645022450197938,9.603367849203638
DC,2012,5.931317647219485,8.077550896406686,8.51875706429683,8.02124848782862,8.463155860111053,1.0816380111609902,9.675350989214243
DC,2013,5.942949126080521,8.086205672963871,8.524244964205847,8.030493210116278,8.469399526586479,1.0862649713333616,9.712376129759809
DC,2014,5.955776922208985,8.093374047767098,8.529286141332632,8.038420545453002,8.474573080923594,1.086688929742785,9.717678876807177
DC,2015,5.599922602664619,8.019306943270974,8.501364397052823,7.939783671882923,8.431851800162809,1.1679196208813858,10.625559914018782
DC,2016,5.566537731531817,7.961083515288561,8.427277815462666,7.878966396541296,8.362972968859426,1.147441728595422,10.517735562461873
DC,2017,5.51680426199238,7.951629229854496,8.425261180097452,7.8682396991954295,8.359186724652439,1.160898913754993,10.543267288800157
DC,2018,5.11733593054169,7.776707278575783,8.355059582478818,7.694745241749099,8.268544379624167,1.245048264430193,10.793242726714288
DC,2019,5.131739728996355,7.7874793513233165,8.361325024325248,7.705516751023276,8.27543709638451,1.2469030790493774,10.81261288846124
DC,2020,5.134828792926511,7.7931682609621085,8.36493399755416,7.711112405961887,8.279251321815577,1.2505560152620276,10.834943558821358
DC,2021,5.154266650759242,7.829430559406928,8.384557964179315,7.747337645544061,8.301377080754584,1.3190095735479246,12.572534797106169
DE,2004,3.881690544251684,5.470463858269503,5.761165651399823,5.371707196942784,5.674785028483211,0.7127571122599208,4.756469155421723
DE,2005,3.9271484487417907,5.486109450871535,5.767327524763197,5.3895708438567915,5.683899071956453,0.7059072658242127,4.765888087323243
DE,2006,3.9541093380119783,5.500298626370335,5.773192162698321,5.406008760240764,5.692310509320267,0.7141662979413987,4.795693017777001
DE,2007,3.98982363894473,5.512682989614766,5.778070526167779,5.420218846526894,5.699539716311893,0.7095778015819176,4.8051754039795345
DE,2008,4.038159309054406,5.528765984738256,5.784403834396105,5.438761274983774,5.708939738846496,0.7022955872264869,4.815246785600278
DE,2009,4.025462722375195,5.527216577830701,5.783806838651884,5.436955494954409,5.708044306320674,0.7089488599421601,4.816248727394733
DE,2010,4.358861551414188,6.299141772648197,6.692732030411835,6.189536323112769,6.5864040725776505,0.8296249832986047,5.328090800797897
DE,2011,4.405808983250554,6.3188669027536255,6.7005361220638795,6.210741644256772,6.597214177087384,0.8244111690715705,5.3439682657528556
DE,2012,4.370822604908518,6.176252326465069,6.523390046550307,6.073385090759178,6.428247847058286,0.7962689762144093,5.249119707964136
DE,2013,4.390852111438194,6.184666103382539,6.52669837049449,6.082627982290878,6.433038930950538,0.7947997374310956,5.256275385680209
DE,2014,4.363872449178275,6.07610852978011,6.393203474367183,5.9781600760890266,6.305544964046776,0.7728904613808152,5.182251999488609
DE,2015,4.363747236508455,6.076713592718338,6.393445594040486,5.978826923439277,6.305890918382808,0.7740248327926302,5.183771690463116
DE,2016,4.381935621530078,6.08323547109254,6.396013246757112,5.986057765959457,6.309595405644993,0.7711634293514846,5.186986120714332
DE,2017,4.411877151358269,6.093923757381638,6.400244390422284,5.9979514568780745,6.315690190607237,0.7664672963073493,5.191739369001887
DE,2018,4.445357860685024,6.105993898939755,6.404994999900093,6.011422806825847,6.322559788765215,0.7616262010196495,5.197521612013202
DE,2019,4.4407104203755265,6.080731254833013,6.394742970619457,5.99302059004226,6.3134601986238055,0.7501045554389463,5.158395234387746
DE,2020,4.456322441723172,6.087012292319212,6.397231094886186,5.9998212760420495,6.316989221736491,0.7481713466755746,5.161270899690912
DE,2021,4.506753771587657,6.110007542987925,6.406302410898403,6.024806526263179,6.3299252597652,0.7537420652790505,5.60137203932307
FL,2004,0.0,0.0,0.0,0.0,0.0,0.0,0.0
FL,2005,0.0,0.0,0.0,0.0,0.0,0.0,0.0
FL,2006,0.0,0.0,0.0,0.0,0.0,0.0,0.0
FL,2007,0.0,0.0,0.0,0.0,0.0,0.0,0.0
FL,2008,0.0,0.0,0.0,0.0,0.0,0.0,0.0
FL,2009,0.0,0.0,0.0,0.0,0.0,0.0,0.0
FL,2010,0.0,0.0,0.0,0.0,0.0,0.0,0.0
FL,2011,0.0,0.0,0.0,0.0,0.0,0.0,0.0
FL,2012,0.0,0.0,0.0,0.0,0.0,0.0,0.0
FL,2013,0.0,0.0,0.0,0.0,0.0,0.0,0.0
FL,2014,0.0,0.0,0.0,0.0,0.0,0.0,0.0
FL,2015,0.0,0.0,0.0,0.0,0.0,0.0,0.0
FL,2016,0.0,0.0,0.0,0.0,0.0,0.0,0.0
FL,2017,0.0,0.0,0.0,0.0,0.0,0.0,0.0
FL,2018,0.0,0.0,0.0,0.0,0.0,0.0,0.0
FL,2019,0.0,0.0,0.0,0.0,0.0,0.0,0.0
FL,2020,0.0,0.0,0.0,0.0,0.0,0.0,0.0
FL,2021,0.0,0.0,0.0,0.0,0.0,0.0,0.0
GA,2004,4.560154880880354,5.733092534620539,5.896255994888891,5.654312092384692,5.840369932426258,0.6454021543177424,5.4034379936058015
GA,2005,4.597905985763729,5.741780691918089,5.899636453336212,5.665453464998317,5.845936576050077,0.6339066649219127,5.352102431352181
GA,2006,4.549340957877436,5.716208688240517,5.890708753776282,5.612913778616985,5.814001346970215,0.6290918200166695,5.242687206970684
GA,2007,4.5510153833215865,5.708845970917676,5.887920123223298,5.596250474262362,5.801865239309706,0.6195379249889776,5.173288591781782
GA,2008,4.567177425845186,5.705064046496761,5.886485713587134,5.5854270875836844,5.793124196190761,0.6068782588261934,5.0918573843143475
GA,2009,4.563326876693309,5.704022912663323,5.886083701094705,5.584048165269498,5.792359826754824,0.6080834522567469,5.097337140393164
GA,2010,4.587705310402904,5.708593711420962,5.887884538542411,5.590273287437302,5.795805491039453,0.5915299765692827,4.724788263299674
GA,2011,4.617150355076748,5.717063418575629,5.891234280144151,5.60139981897622,5.802028097757122,0.5839216358017429,4.696702802119985
GA,2012,4.564942466736387,5.652243327046772,5.864337286945746,5.4969380616363575,5.7257120472410765,0.5659663764421508,4.588312827493764
GA,2013,4.51002878333484,5.637836163725539,5.858485074921457,5.482487237028614,5.7189742869229505,0.5771291416708513,4.57697010835068
GA,2014,4.524583140403866,5.642974821047383,5.860576383194885,5.488674351278187,5.722760112764432,0.5733150075944216,4.5614084549745915
GA,2015,4.525624326391205,5.643341208157055,5.860727861669773,5.48911300542775,5.72303239841873,0.5730349820799563,4.560199453542421
GA,2016,4.53697588089836,5.647310671686704,5.862339000050469,5.4939362758269965,5.725992925223716,0.5699949683727112,4.547747850533688
GA,2017,4.555612512456231,5.653849997080882,5.8650111622657475,5.501949475120243,5.730908940899187,0.5650759872857236,4.526401812427343
GA,2018,4.442985827787078,5.632688038080969,5.856673440829802,5.4794249748704225,5.721255153501898,0.6068922852176861,4.758850158374149
GA,2019,4.284626323089422,5.405893226109153,5.615884000590898,5.260552239285663,5.488391339330297,0.5730715764316607,4.534467815884323
GA,2020,4.29580045271455,5.409688303531215,5.617456525083895,5.265274783348528,5.491306122577916,0.5701874744090563,4.524377322688221
GA,2021,4.3371556705205085,5.423600561049896,5.623190177499259,5.282960958706611,5.502041156485846,0.5593969337364335,4.481894763307664
HI,2004,6.213172867305753,7.4596328354178825,7.636419984022351,7.412564575703783,7.571563441428655,0.6380033998416135,5.839840160263829
HI,2005,6.255127845078671,7.470892339910803,7.640937614025162,7.4249416490269,7.577584046041684,0.6242470159034563,5.714678516719831
HI,2006,6.268967099812968,7.420779309194442,7.575687549390188,7.37765726198836,7.515568324386821,0.6018548057897033,5.567712819703416
HI,2007,6.021660923159628,7.386337117191894,7.561889092010168,7.336193040089307,7.49565852427576,0.7479570953577985,7.079588420727907
HI,2008,6.047972800786891,7.337226275318736,7.496969651444707,7.290577248557043,7.434851314242141,0.7210139856208664,6.834409735251594
HI,2009,6.404267552708927,8.377505368451379,9.210475119893786,8.374792909827235,8.979214314583135,0.8873172127381923,7.448297636638364
HI,2010,6.404751156602376,8.320654034055051,9.133913675165855,8.319307085241592,8.905787973008062,0.8658683463013905,7.319282731578144
HI,2011,6.747763349158162,9.144416493199284,10.114940350602385,9.121729437813174,9.835594773338013,0.979444157100362,7.6930729555464525
HI,2012,6.7864321990769385,9.171288871000346,10.132582259410167,9.149944854741992,9.853414188620292,0.9729962185695551,7.628933212067541
HI,2013,6.780264703046701,9.19881660340761,10.16678369677724,9.177984203899568,9.885951126438407,0.9899178922334717,7.732635882790685
HI,2014,6.809059248832837,9.219985811286437,10.180314559460884,9.199278457960856,9.899691624541353,0.9842403985899639,7.679829526507616
HI,2015,6.811117803421336,9.22154558646332,10.181308175341226,9.200782824858326,9.900665881001467,0.9838054911672667,7.675864621571259
HI,2016,6.33189448831709,7.842059160732852,8.022963874649447,7.773381857657567,7.949560675578599,0.7790982592138951,7.276667274122303
HI,2017,6.363299561651281,7.849396721959214,8.025916521075317,7.782430172107659,7.953553252739781,0.7682203057504,7.184848252867701
HI,2018,6.781197745370847,9.063580432248196,9.92664872389905,9.047122071798748,9.659006309300992,0.9911943832989323,7.903991559737051
HI,2019,6.8120015052499765,9.08484580386107,9.939925507416236,9.06899949846957,9.672685691116918,0.9859143515441926,7.847113672052337
HI,2020,6.832000254029528,9.099342112028511,9.94883951695214,9.083288717171152,9.681880537949077,0.9824660127045859,7.808994273452719
HI,2021,6.912383134361919,9.15420627291202,9.981364691147954,9.13740950075375,9.715928023101798,0.9698121352984757,7.8186897178381365
IA,2004,4.7383985276201015,5.946520328635853,6.157751374794408,5.9328712662606256,6.2350858428913485,0.6208896367917549,5.102284886504333
IA,2005,4.757003523794782,5.946610361473162,6.159437294579137,5.936120721994096,6.237083495654961,0.6130569570036881,5.062065317048948
IA,2006,4.787073752919071,5.979388843298744,6.196987175843831,5.969491024984821,6.269401282820322,0.6111884261734146,5.052776341213133
IA,2007,4.7701743491240975,5.980480545146293,6.198053427011678,5.970758687608282,6.270245059616213,0.6328406264446862,5.593300727396825
IA,2008,4.795494795173007,6.005439317646366,6.232962431912654,5.998302386239382,6.299602506094251,0.6282915707306436,5.553012977513934
IA,2009,4.7992434065286025,6.0025748186121985,6.236661534910708,5.99833725545152,6.3000889858897535,0.639676398624256,5.668856693540494
IA,2010,4.8050584120819275,6.017487853279436,6.266666832477911,6.014260000422617,6.3229503265863745,0.6365370924293678,5.582591956575586
IA,2011,4.800895386736528,6.023507350994339,6.268717955336733,6.01791822648239,6.325259693294271,0.6359296064870401,5.546296573406079
IA,2012,4.809910093253394,6.029247311761642,6.269967316201874,6.022978303789671,6.32748555445119,0.6336619597246962,5.525500499063995
IA,2013,4.702464256324826,5.795939776771788,5.842724748783168,5.767580565509978,5.912449071348094,0.6355299271594617,5.988266763903814
IA,2014,4.705826551858157,5.799098911844393,5.844162601052341,5.771115910800202,5.914432908991367,0.6384951553760287,6.060714914528482
IA,2015,4.692286924864123,5.79879226019934,5.845487764553117,5.770038206040763,5.914764950689693,0.6436303338072435,6.078605938276229
IA,2016,4.6957647602642325,5.795815892096123,5.843423665051469,5.767721596730076,5.912999061073183,0.639482231792432,6.053585040320371
IA,2017,4.70781001786119,5.796922530137693,5.842555673428904,5.770019199668302,5.9138481951971755,0.6327435570880002,6.00871268062732
IA,2018,4.919113786079991,6.03624873634485,5.997441475670204,5.985680632648577,6.0670703642551596,0.6582221920672593,6.187234466970896
IA,2019,4.5765065203348785,5.699464588253658,5.683627101011747,5.649738788816842,5.745579462958615,0.6356083154442138,5.906960327445914
IA,2020,4.681628321371308,5.699227376339004,5.683787355804365,5.659734533477473,5.747098572138428,0.6143886501526641,5.930811913129892
IA,2021,4.714189930146238,5.704742027015513,5.6814891173307736,5.663514829483392,5.7468931281584705,0.5999482079917406,5.959833844510539
ID,2004,5.5759063203133605,7.4460002436658685,7.685018915004226,7.388585674887745,7.63657763050553,0.9311392038392263,6.883093358274145
ID,2005,5.588879672929647,7.450491465258074,7.6860932699158235,7.392613600201596,7.638246541517971,0.9279518448917168,6.869488197029508
ID,2006,5.576590410745058,7.420515607656166,7.665089947318449,7.3656129199467495,7.618875018410231,0.9230763037246459,6.836282051385725
ID,2007,5.567375408217653,7.418037596139132,7.664279525455419,7.362932168705436,7.617675147454898,0.92507409303062,6.829863320798835
ID,2008,5.548532911340132,7.392438168806737,7.644667129672235,7.340312581808596,7.6003872982867655,0.9453099246047647,7.404765757342364
ID,2009,5.423375798034058,7.364256622479979,7.634403985172608,7.309777563641532,7.586326491765227,0.9847158183903248,7.648369208480981
ID,2010,5.396567003181129,7.3320586416157205,7.611841836128648,7.28015489292887,7.565409630132752,0.9905978357530154,7.807264789157043
ID,2011,5.400340353619585,7.334628080369204,7.612866955755563,7.283042125280899,7.566719648022725,0.9959630452679225,7.958613812035792
ID,2012,5.1826287649484915,6.981197731725276,7.231528764935092,6.935305220606727,7.190969028104863,0.9507564124146772,7.847758269781454
ID,2013,5.165635615405183,7.048319368594441,7.288337919238783,6.997609782331657,7.2406817141205115,0.979863905044509,8.067024057605062
ID,2014,5.149235785753353,7.044483283303544,7.286626667937565,6.993638592872722,7.238718593102639,0.9838827053396892,8.0495079043828
ID,2015,5.102938919657321,7.0339509267602125,7.283135430032907,6.982485005682219,7.2336769019351035,0.9965681742453492,8.065963808143286
ID,2016,5.119632920287131,7.0382150934826875,7.284544332374315,6.987014333091329,7.235772283676756,0.9914505469274082,8.037365741305393
ID,2017,5.151425626614104,7.044689504449702,7.286078581389231,6.9938423794466855,7.238532530595913,0.98143445178136,7.988263936772819
ID,2018,4.675505163064054,6.5013510022840135,6.754880586259314,6.449788740364092,6.710762317493769,0.9535191417563649,7.611775903567912
ID,2019,4.681934606057114,6.50265807790235,6.755418378412204,6.451088574036474,6.711408318172196,0.9509327630120357,7.581535425763959
ID,2020,4.68077932801767,6.5022421436809745,6.755260240193786,6.4505092265804915,6.711137826241155,0.9504900595849741,7.561766899384274
ID,2021,4.4526338725008285,6.116703452687544,6.3460779389183415,6.070388146616268,6.3067415302089636,0.8754587605700581,7.118224525341347
IL,2004,2.3858210932947674,2.798259511867605,2.92250165965035,2.7437558305558016,2.876868163731122,0.2307251755169215,2.2499411911665996
IL,2005,2.391683342624669,2.799566544813458,2.923034661607158,2.7451611581988664,2.8775583075531723,0.22870855174650373,2.2312794858648615
IL,2006,2.3974350286349826,2.8008463700742037,2.923521987538243,2.7464506755775844,2.87819726903745,0.2265239961871779,2.2150105250642933
IL,2007,2.4018514113995195,2.8018751636451227,2.9239418530791683,2.7475588727039737,2.87874705595492,0.22516255561064735,2.2038128784817634
IL,2008,2.408257323428073,2.8032128056142285,2.9244870858438077,2.7490032988620725,2.879463288711492,0.2226940428561197,2.1820784505222512
IL,2009,2.4022745048146685,2.803063764526613,2.9244327195843804,2.7488092962878654,2.879385698879821,0.22789208102045322,2.21399488249709
IL,2010,2.405834829724633,2.803638496888163,2.924664337460182,2.7494387128028075,2.879691755005698,0.22609792728971456,2.201612518600122
IL,2011,4.036051082425894,4.674420726250197,4.875132937096828,4.584204886910354,4.800314034405619,0.3575699866646964,3.3427534148773868
IL,2012,4.02231690537774,4.6742530312518555,4.875062560996037,4.584044321002941,4.800258052830307,0.3725733824411215,3.5675971373020636
IL,2013,4.0064992214727795,4.673873709926509,4.874895651524403,4.5837301490616635,4.800163739849397,0.38896504314533953,3.801569989448768
IL,2014,4.007668631915123,4.6741372565566754,4.875003933635164,4.584039748279452,4.800320999340617,0.3885577022561981,3.798317677796483
IL,2015,2.988977559744355,3.5051770729131984,3.656079980807456,3.4375404819340596,3.6000243736633433,0.3062617761770525,3.0860204445656163
IL,2016,2.9903149018535933,3.505251576857961,3.65610691560477,3.437650529501352,3.6000750323837734,0.30520803925380147,3.080500379425176
IL,2017,3.467070955743934,4.0716617421356665,4.246274354979203,3.993195076868644,4.181319711144512,0.36599371492098687,3.7647396553855867
IL,2018,3.932152426522155,4.6282132704560786,4.826586410494238,4.5390680727796475,4.752808214012427,0.42807712171574197,4.455747858188352
IL,2019,3.9309405783353566,4.628023142904231,4.826510086752484,4.538903950481756,4.752737337794905,0.4286946907579692,4.460109303537183
IL,2020,3.927873983905208,4.627535803295382,4.826314533569702,4.538420419694842,4.752508730687624,0.43027607409521496,4.471382074696437
IL,2021,3.9346905156730445,4.628949468360512,4.826883916986138,4.539800976026399,4.75326595093682,0.4305249508045672,4.684911152116708
IN,2004,3.173438353768864,3.3646349565971225,3.3856621919093426,3.365943067280515,3.389112561284724,0.12850278748408606,1.5740066586049644
IN,2005,3.180061605735091,3.3657950177888645,3.3861322936781915,3.3671743757702153,3.3897002060524004,0.12528558145428192,1.5304082439744529
IN,2006,3.186316340597906,3.3668874461686364,3.386619900562698,3.3683411332162616,3.390241819025458,0.12222963714779711,1.4990501347155065
IN,2007,3.1910372682411645,3.367804291758961,3.386990444683344,3.3693068643138466,3.390706967992033,0.1202344218280249,1.4756593623799912
IN,2008,3.1981917541223397,3.3689950282445476,3.3874715950780296,3.3705754765995066,3.391311020791385,0.1165266761662953,1.4291568677424809
IN,2009,3.1748291754288713,3.3688803809336054,3.3874262168242937,3.370367504256724,3.3912514053733385,0.14104670857558732,1.74545633803762
IN,2010,3.1794577913169655,3.36938434771542,3.387629435766637,3.370915646126276,3.3915063838672896,0.13798763534751401,1.7157344606073244
IN,2011,3.195374533556839,3.370315370591373,3.3880058446258308,3.371912948988625,3.3919510909170296,0.12556014161172468,1.6396906096653936
IN,2012,2.996676534098198,3.333344725466068,3.373162913614884,3.328796613701119,3.3714937955706166,0.211731997598541,2.4487594824260848
IN,2013,3.2002443411877426,3.3713446778865195,3.38842114387901,3.373018760280297,3.392525512857693,0.12376150033628353,1.6153613860265024
IN,2014,3.2027578562450545,3.3718015315566725,3.388605915705112,3.3735002553004887,3.392756967727745,0.12259509087426679,1.6020418292156495
IN,2015,3.1063501581387976,3.272662642436976,3.2889540611200987,3.274302733006817,3.2929855129946803,0.12136614811769642,1.58496776119621
IN,2016,3.109202017467821,3.27300426990375,3.2890918660077513,3.2747038887478386,3.2931581880937566,0.11955169110986485,1.5699841565396393
IN,2017,3.046616999761484,3.2041249174070323,3.2195455077680832,3.205821538441295,3.2235813126628954,0.11532175853639082,1.5290580965448732
IN,2018,3.0507448276314943,3.204743574440909,3.2197950419074925,3.2064780767903245,3.2238939549996677,0.11303819785120073,1.5073049501430267
IN,2019,3.0532363514550345,3.2051921463430793,3.2199765792411372,3.206948650914413,3.224121457159181,0.11183998505307491,1.491520563098944
IN,2020,3.0547197983806447,3.2054929423910465,3.2200985287664703,3.2072640532054195,3.224274269170464,0.11123797935530533,1.4832177439011134
IN,2021,3.063923857526205,3.206594208719359,3.220543116740679,3.2084457904595167,3.224831303394058,0.10529407899506626,1.4311735825433343
KS,2004,4.523827766011374,6.0359340044605405,6.214693709165599,5.989145290813533,6.179617623343867,0.8006143992425496,7.39287540047615
KS,2005,4.57064550284348,6.0472867308406935,6.218183901512844,6.00169011302986,6.185124752829754,0.7894321291127104,7.316074602532428
KS,2006,4.6131159291862955,6.054605010907406,6.217326536196408,6.0100624145112,6.186091921657106,0.7790106766470628,7.283422162382073
KS,2007,4.640540119552902,6.06384598266442,6.220665590867808,6.020298909327728,6.190785755324276,0.7820975924957008,7.437224653781525
KS,2008,4.687019628553659,6.063559867699949,6.206907574902496,6.0208619061666555,6.181566035567692,0.7672813317122995,7.369970106671888
KS,2009,4.66027527675655,6.063437142637191,6.207635134287907,6.020499656866111,6.181933538974001,0.7902231802355497,7.559669411771564
KS,2010,4.69068485405682,6.129318928199681,6.321119085535665,6.091884058314577,6.290096462187834,0.8083269737232612,7.8528384299067
KS,2011,4.7374478866576775,6.139071490039328,6.325040660076055,6.102690812538458,6.295167308147987,0.7915003951643129,7.7129043891814835
KS,2012,4.759409142065027,6.145373050146924,6.327574110937717,6.109691703894778,6.298518061794756,0.7894711488790063,7.779353739115368
KS,2013,3.1005050486358017,3.5309220941736417,3.2988556385795054,3.341381781276547,3.1834041806242803,0.4025433117298971,4.414391582840896
KS,2014,3.0001024358966184,3.4508943078289067,3.2283199149792914,3.264252994177505,3.114142532645156,0.40570962576771397,4.394375251823872
KS,2015,2.8864524468850163,3.31273105860011,3.0960284384150376,3.134090479163611,2.9870872946906757,0.39571884980584837,4.382478464378329
KS,2016,2.8993110921825185,3.315081601801875,3.096968192693162,3.1366775783424776,2.9882973572426814,0.3906567799040417,4.366119339342347
KS,2017,3.853964686166439,4.955263202655315,5.10161068978546,4.926844935300537,5.078459429547163,0.6133245150616196,5.550057629595121
KS,2018,4.23246063451177,5.4288622679485306,5.59099740366412,5.397364276256006,5.565202719592906,0.6559965988294003,5.812016943651795
KS,2019,4.253107928832843,5.433677520101721,5.592936054223639,5.402932807758517,5.567774817232839,0.650280844172435,5.808243193225399
KS,2020,4.265655515323717,5.43690679659913,5.594238616475465,5.4065400558317736,5.569530932742128,0.6477209157329078,5.807799008736557
KS,2021,4.300531256037958,5.445973195077447,5.597903905676669,5.416202093702171,5.574303247169475,0.6429973461547389,6.057552757487173
KY,2004,4.58986504990246,5.720371684902498,5.90154898340193,5.631173449765681,5.833065509940462,0.5795678825853079,4.621461218377867
KY,2005,4.508981855835503,5.671943624088807,5.881854601148644,5.586135020698742,5.8095755143720185,0.5873809500416938,4.885470697242596
KY,2006,4.524740183701149,5.67854897084638,5.884223166975964,5.593879375154421,5.813515651807744,0.5858302660362136,4.888940398208226
KY,2007,4.533832230829027,5.683263384412729,5.885778160311262,5.599319741048484,5.816330103871565,0.5860310983423211,4.907187863967209
KY,2008,4.557364901762906,5.691981575988726,5.888843966131725,5.609353354999459,5.821408167210613,0.582189044893966,4.89883270791204
KY,2009,4.53597381269708,5.6871213903719395,5.886933814331251,5.603840483887747,5.818731609672368,0.5900989957152047,4.9331496479475865
KY,2010,4.548224365337265,5.690972013643759,5.888294453676856,5.608323047679771,5.820967806171946,0.5866707155827822,4.924061733089143
KY,2011,4.5702682591519075,5.698480447787989,5.8909699087005425,5.616997261402828,5.8252236134559325,0.5821539943503762,4.908816824563463
KY,2012,4.578755859308092,5.702216779788317,5.892276410831173,5.621454214559926,5.827475402510402,0.5819254824802722,4.914112527055144
KY,2013,4.579872142760866,5.703597576328634,5.892690869451049,5.6232688752989,5.828482230150313,0.5830920499916847,4.930540622623301
KY,2014,4.557221519375949,5.69914086321719,5.890883732129209,5.617089187734778,5.825474750824784,0.5893770360556494,4.9286067497456925
KY,2015,4.5506757417949535,5.697936044537187,5.890388978991511,5.615749650107859,5.824832472473268,0.592269257371536,4.934469682388141
KY,2016,4.559669667316128,5.700746702341029,5.891400375666984,5.619101932052277,5.826503113300635,0.5899691741440227,4.9338153227937145
KY,2017,4.575140218012364,5.705894711770102,5.893277836830229,5.625178044428969,5.82953463437394,0.5871343743244495,4.93409126208964
KY,2018,4.3231677739753245,4.901558727766087,4.967790484983739,4.853876695403031,4.940235299477875,0.38963373998645023,4.260578645009205
KY,2019,4.325079253988896,4.902262847836297,4.96795357564991,4.855047748829969,4.940842914620318,0.39002728675620046,4.271651104348527
KY,2020,4.324896089129835,4.902458009929234,4.967952392611321,4.855533359145252,4.941100139052917,0.39097591589629666,4.288472140043169
KY,2021,4.344916950235963,4.905951445104975,4.969057373046679,4.8607460433972145,4.943573166776227,0.3817149912700435,4.249575189198103
LA,2004,3.2403500771281437,3.9992435693171555,4.058866596167853,3.9684560165946876,4.114146327758204,0.42863729011535234,3.420556468988169
LA,2005,3.2786599496030258,4.005926770107512,4.062363472285922,3.97823986113323,4.118913415901725,0.41994985854464373,3.4083614490600063
LA,2006,3.3242978003431225,4.0340144321835805,4.089720878522636,4.007804275653048,4.144164939543584,0.41474816636593026,3.4071763173475444
LA,2007,3.3515681994999915,4.015584370431439,4.042912492839527,3.9883649908400782,4.099247234810199,0.4032582788942807,3.381364175800935
LA,2008,3.3732301673174483,4.011647074293054,4.027254850986919,3.986026006366428,4.0835982661427375,0.4086039985235823,3.6437635111933337
LA,2009,3.0125518388835464,3.814948341220817,3.9173879552498847,3.7796125936937814,3.9520764576973946,0.38129617227371515,3.26656648616075
LA,2010,3.0179172589311176,3.79738954071248,3.889060883838062,3.761677559488708,3.923335126579313,0.37492626565547305,3.240049149394156
LA,2011,3.0455905081419528,3.8066240750009666,3.8921114185897387,3.772256216895779,3.92845996735637,0.3694647490796843,3.2181086478149314
LA,2012,3.0694929041157724,3.8191941732326775,3.896587489936249,3.7846727013012904,3.9345687436131795,0.36709977619208134,3.212477853846696
LA,2013,3.0720502186292844,3.780736105377425,3.7963983767891976,3.740970543000059,3.8483164671215104,0.35819947023438825,3.183909081807432
LA,2014,3.08921030844751,3.7882760744460806,3.7994348334100643,3.749053682322288,3.852400973182378,0.3559776091771383,3.1765229528180203
LA,2015,3.0795177434445944,3.7917153884635715,3.801711275503027,3.7524594454494395,3.854727736046632,0.36325086866105805,3.217870735241698
LA,2016,3.09039725731648,3.7938728333893,3.801883720580875,3.7553470294347724,3.855777691808019,0.36064392794857847,3.2069473999711233
LA,2017,3.1231829422285027,3.8007030218658735,3.8038013586535655,3.762843131085853,3.8589518524958475,0.35040922238430694,3.1531752447808756
LA,2018,3.299860820931029,4.023230397225076,3.9940022912373405,3.9729637820125516,4.0456022543493795,0.37634090443523505,3.3255626387400503
LA,2019,3.3120171227473723,4.031232746022296,3.9975487765630064,3.9817577543586644,4.050164594112844,0.3822798980075981,3.4479205575110115
LA,2020,3.3265417780977278,4.037668864099485,4.000571136130359,3.9887400859720783,4.053891600132168,0.38073329238200726,3.442932556685966
LA,2021,3.310838878039618,4.0327977460144036,3.9990313371543817,3.9885832296299353,4.053424747461568,0.3797205052385677,3.4300558501527383
MA,2004,4.456682370456552,5.172405385054723,5.253498048359188,5.170935771025778,5.235933951045645,0.447998679983197,5.0639112480949615
MA,2005,4.451011424642703,5.171260073260655,5.2530298820100105,5.1691950521029275,5.235103111721092,0.4492364008921279,5.0044578390550445
MA,2006,4.446378295370449,5.17037407668033,5.252692594989244,5.167796026409983,5.234483584160761,0.4499540917543787,4.96522070932714
MA,2007,4.437049437827235,5.16900840985757,5.252144180252505,5.165857896347633,5.233605956026435,0.45406928657201195,4.957202450924469
MA,2008,4.4398163769810575,5.169372744679051,5.252281342202299,5.165898175982698,5.233622771246631,0.4515668388619831,4.900473662154924
MA,2009,4.421315611510387,5.1694831626433855,5.252320329233027,5.165950197549669,5.233825363313832,0.4678864542956962,4.999210424495066
MA,2010,4.436571607220218,5.171642587412042,5.253184411181152,5.168279063007042,5.2348782008312895,0.4600236954351855,4.952387632011488
MA,2011,4.4652220961031475,5.17720072134312,5.2559371940900315,5.1744785823693835,5.237971041574587,0.4466729942198877,4.86646801751966
MA,2012,4.437114323090638,5.131308557638981,5.207530693058652,5.128835085059613,5.190093285013059,0.4371024117639677,4.789280984919861
MA,2013,4.443967103416116,5.131942958097578,5.207256451190598,5.1292984581243815,5.190101554582999,0.4346729093105184,4.771073632767339
MA,2014,4.412526926616179,5.085364352891398,5.158574341373403,5.08290660576635,5.141877495798268,0.4262185506180294,4.699538488726557
MA,2015,4.367682575730614,5.036762975169673,5.109091005856238,5.034341372044625,5.092618394665147,0.42480708306443793,4.674818996693199
MA,2016,4.292782511565488,4.989302621606962,5.060063788669899,4.9868878657785585,5.043850031155817,0.4630102562991567,5.317483095503333
MA,2017,4.310948947068524,4.992629254522821,5.06137650283305,4.990439862854589,5.045640949444305,0.4537485762646454,5.250892386638398
MA,2018,4.328594150372874,4.995334269798501,5.062461254964591,4.993351094637745,5.046947282139461,0.4451458107125883,5.185685970730306
MA,2019,4.2612779572227515,4.948751103908891,5.013779401651188,4.946832480312962,4.998700205093361,0.476660199470047,5.728803902032201
MA,2020,4.224377062112117,4.901521646630195,4.964833262203643,4.89969684952171,4.950148932931873,0.47115183608029687,5.672739035159916
MA,2021,4.2337593545087815,4.906519771731519,4.966826342011741,4.904457303675756,4.952318757756092,0.4906039550190755,6.7739253279195815
MD,2004,3.6441960884485414,4.559627342057941,4.678222782821786,4.499607616051146,4.637473373382989,0.5464978667592213,5.220577830778725
MD,2005,3.662022909593899,4.563953237161355,4.679991221670492,4.504275665061619,4.63973867111807,0.5419272222004556,5.1866321328347516
MD,2006,3.678758034636702,4.567347632439354,4.681559694742845,4.507633264755001,4.641411455763105,0.5363120997994075,5.160030663376914
MD,2007,3.6905931768168636,4.570280003902013,4.682826522773614,4.510508483491556,4.642853033933015,0.5338235412721937,5.14866632647293
MD,2008,3.7934499896665725,5.0842492278866,5.506030970707929,5.040421816234826,5.475860088172701,0.6595526001161978,5.937317639740464
MD,2009,3.7547213997572504,5.081288757554202,5.50404702024807,5.0368430255892065,5.473513337162122,0.6901920482480728,6.170435361984324
MD,2010,3.767214122343383,5.0868077667997404,5.510896903618475,5.0410798442520655,5.478799991863028,0.6842141848503402,6.1368242550570855
MD,2011,3.798376094130009,5.101857366914827,5.525322230726477,5.057338152483372,5.4926679689132225,0.6755031127697486,6.097623225906508
MD,2012,3.877370994470755,5.2618425671508575,5.55728996628337,5.18721158379653,5.479194646046445,0.6993140800260034,6.199669944697951
MD,2013,3.8839782524560227,5.266707847771407,5.559658914086115,5.191734707185374,5.481961403066648,0.700626689932704,6.206820489000935
MD,2014,3.892927371845535,5.271200993190703,5.561993756135656,5.195354085751095,5.484117563173268,0.6989982346898738,6.196461111895236
MD,2015,3.8856370440421593,5.271322093625129,5.562108166819747,5.195390677112998,5.4841300894968965,0.7060560114297787,6.260231238930905
MD,2016,3.896818331519756,5.276148403750283,5.564267343594633,5.200188465057382,5.487001344553357,0.7044802341518608,6.285294080406302
MD,2017,3.912612339423169,5.283866296426696,5.5677493875991715,5.207929833682103,5.491155098524431,0.7029090622806544,6.338767730071051
MD,2018,3.9143417228366535,5.288045517799813,5.569806874380282,5.212000865242217,5.493364635406565,0.7068557000162179,6.4016890364751005
MD,2019,3.9723286329320557,5.3066157544120465,5.577609818334946,5.231777987043294,5.503523727332578,0.6940135913524492,6.385412582670508
MD,2020,3.8469436209904546,5.295632643569534,5.573664879753148,5.217872623115604,5.497004888887065,0.8007733070518386,8.11513881076076
MD,2021,3.8577656781101535,5.310880297360942,5.580243712192022,5.232973895671484,5.505038937011175,0.8262262416172117,8.966273946318722
ME,2004,5.5690004223984655,7.913186486967706,8.268630290594185,7.815472828353947,8.186288227269893,1.1105548110420749,7.028399268670121
ME,2005,5.600020984731332,7.921519593823572,8.271919301022077,7.824866486480565,8.191213374419934,1.1055641644724723,7.0414678358038385
ME,2006,5.638661236534331,7.931822149428738,8.276347496378524,7.837147009210316,8.197264560019793,1.0996263686543384,7.059231593730896
ME,2007,5.641144860608753,7.932408163953977,8.276472015777701,7.837926517895589,8.197652165224158,1.0988929965219274,7.059325438083762
ME,2008,5.690484277447495,7.944835133095253,8.281520595529402,7.852408723610888,8.204998061648633,1.090083832377975,7.075038949531069
ME,2009,5.621219267163206,7.926291039858531,8.274325973243968,7.831788624052141,8.19500845252676,1.1020326633831123,7.050464374898391
ME,2010,5.6698870228638985,7.939254769392563,8.279592362334304,7.846474101505489,8.202322159351551,1.094414623390727,7.070387553452318
ME,2011,5.717275493831814,7.952178972219267,8.284649588280404,7.861038419978475,8.209285507359478,1.0871823954644588,7.088938385673921
ME,2012,5.662803208730431,7.983369495631088,8.339780838504076,7.889694916962435,8.241985679199168,1.101845591743944,7.070439632893884
ME,2013,5.232780310512084,7.4848000516292235,7.799122273288292,7.394928973530127,7.720244156291118,1.0582671366076268,6.689934837223128
ME,2014,5.088923347833978,7.441598744786111,7.784073407491779,7.336434338888881,7.690304064180218,1.0735498298025448,6.58719433333867
ME,2015,5.073479118841318,7.437372429119355,7.783190121716271,7.332185728884589,7.688548768710876,1.0758888540630118,6.581708400116413
ME,2016,4.506448026158956,6.895630326817576,7.089077629793782,6.750554378726855,7.011751052161029,1.0971293618195377,7.779846706071541
ME,2017,4.51491635658881,6.88872885026201,7.083859270525827,6.745295538130089,7.007367607341814,1.1032310336110518,8.062441880156536
ME,2018,4.478815021460248,6.860247340822629,7.0653073416355925,6.718211947700638,6.991865454953078,1.1011219349876922,7.990785414992041
ME,2019,4.489365911455088,6.863338336947323,7.06580149512528,6.721417634888858,6.993143873016873,1.0986644571380766,7.968278716210847
ME,2020,4.446855007536629,6.863453516504814,7.065980878560584,6.721000349487159,6.993255946241436,1.143152142044479,8.672130198447839
ME,2021,4.486936240127979,6.882456518782455,7.069167950224949,6.741946823551141,7.001142705626031,1.1764367594063296,9.553461470976083
MI,2004,3.1633885739011767,3.805795318571673,3.910768701739145,3.7481026596251548,3.8702304972909793,0.3620287648103959,3.6939864207589697
MI,2005,3.1258041326775365,3.7583539241633948,3.861506131106734,3.701711689492869,3.821725939997396,0.35655610224007983,3.6394430334283077
MI,2006,3.1267550916270284,3.7585550521783735,3.8616888260252655,3.7017477033068533,3.821755176622321,0.35600539528876096,3.6298824873968187
MI,2007,3.2275323280808754,3.8652064305099976,3.9708003175908715,3.807704200298338,3.930419191673389,0.3523770537562698,3.3846351412240905
MI,2008,3.4610407910545793,4.19442197186229,4.308038555967547,4.132142725138695,4.264393945554867,0.4346805428898093,4.576280286917187
MI,2009,3.37666933820802,4.189530807452425,4.306376017761162,4.125203347054549,4.2613326915906296,0.5130809607871711,5.6748580111596425
MI,2010,3.397237275744058,4.192358369950227,4.3073454883932865,4.129380085941691,4.263327960534454,0.49789446892538614,5.400634438771538
MI,2011,3.4065280046110806,4.194552718653425,4.308581238774761,4.132284295851277,4.2648566239084795,0.4921525469681165,5.33386288396083
MI,2012,3.5047069850095323,4.186310962385717,4.2929377996516935,4.129283077288777,4.253271822575563,0.3978367181191378,4.010893479233381
MI,2013,3.4747343680829577,4.133491919286378,4.218421811468173,4.0893287931919104,4.190372936839751,0.4006986722745687,4.099844807727336
MI,2014,3.478904267694432,4.134707998557545,4.218861496413288,4.091230328073348,4.191358096998534,0.39994424109508486,4.107397612477848
MI,2015,3.478680146314633,4.134987740482892,4.218970191181339,4.091572923069718,4.191553168737806,0.40065236102313495,4.109305846556122
MI,2016,3.4765473681925148,4.135905275648275,4.219374478005619,4.092248397126318,4.191792811837476,0.40876920588004406,4.370949819874752
MI,2017,3.4865662830778428,4.13899938302109,4.22058143045709,4.095996237168197,4.193710891054491,0.40792582014710366,4.446246614458368
MI,2018,3.4969582343812684,4.14091272075647,4.22128742113293,4.09899829913004,4.195143104212005,0.40351931473092684,4.403333581227871
MI,2019,3.4697889442483234,4.13623951305639,4.219353398438936,4.094545972780108,4.193076557191123,0.4166148585785012,4.569228823088468
MI,2020,3.4402974852181125,4.131068295408271,4.217229094564558,4.08932693066206,4.19065405928125,0.43021467879659214,4.72971254909927
MI,2021,3.4512240500661124,4.133942792191745,4.2183209246264255,4.0935137967506225,4.192661706606335,0.4302581212414447,4.886240531632401
MN,2004,5.085022323277978,7.274598373608624,7.6458826184115365,7.2156491284620925,7.575896185925978,1.0568456205660937,8.249868420063251
MN,2005,5.148816159813128,7.280762357572699,7.647432963767175,7.226660446183862,7.57979964884465,1.043800760374347,8.272942835363768
MN,2006,5.090609042182139,7.251833893063765,7.627149295595047,7.195464224466168,7.55960968730942,1.0474696288289231,8.228647248134322
MN,2007,5.077251687756081,7.24601564812986,7.6249839022842805,7.189892549316613,7.556823349114149,1.049613598416821,8.23620797711081
MN,2008,5.094643705458485,7.226704733750848,7.607869097109662,7.173448764958692,7.542630275694968,1.0384093558864604,8.209943388441998
MN,2009,4.983161872582671,7.195625528822806,7.5963877059194,7.142438300765287,7.527610162536224,1.0824431729751116,8.543080988599426
MN,2010,5.022928722791385,7.176224590964279,7.578957354214182,7.126231247583975,7.513198817561069,1.0500890341164304,8.221048494541936
MN,2011,5.160173310686577,7.303897472213293,7.657732662466941,7.245851047477171,7.591844561276222,1.0484298216663412,8.317953105907169
MN,2012,5.1761048269879435,7.30172448228997,7.656954850747889,7.244026420497133,7.590899235590594,1.0304875013368742,8.298288979745166
MN,2013,5.663009443307816,8.788632266696407,9.941098716622559,8.79377525242646,9.68966680579701,1.2917265068303263,9.215278308135746
MN,2014,5.564472745337471,8.740210414943686,9.924403258275062,8.751028806774633,9.668840469684987,1.3146007883134136,9.526962447458304
MN,2015,5.529489596994271,8.715469543067385,9.91513996816413,8.727653525760728,9.65526721998055,1.3206107428332614,9.526249689207285
MN,2016,5.549426719060187,8.731263413010403,9.92068145174164,8.743250935264172,9.664577792411361,1.3171219556206148,9.527530313959385
MN,2017,5.604142808334029,8.755112067724236,9.9287431279972,8.762161242481383,9.674021401339038,1.2907148972852056,9.298544658487712
MN,2018,5.445750684462357,8.316612290555534,9.233014658243356,8.301348235020159,9.090767976719802,1.2173155067811026,9.026363303510863
MN,2019,5.225736010524228,8.16047291011897,9.149779684430836,8.150601980606094,8.999297620629074,1.2437841824285756,9.368355547563093
MN,2020,5.216790444044857,8.154814640832205,9.146952152073064,8.145320116194037,8.996254172090705,1.2456213106842196,9.372925271365302
MN,2021,5.30298987859785,8.205557018591119,9.171592836751291,8.192616897049708,9.023447541341492,1.2261973810997584,9.319821369626002
MO,2004,4.155626071563297,5.599080550025172,5.848969020125342,5.55440073196844,5.806022275100981,0.6745652423879589,4.863020251061059
MO,2005,4.186643439477745,5.608213880494274,5.852970202724912,5.564139289951679,5.811054678578269,0.6678863116251099,4.870772935697761
MO,2006,4.202522499131059,5.577007957830098,5.804259873814195,5.534950104571562,5.766080147326495,0.6556301095840933,4.855381500155854
MO,2007,4.170259830820122,5.58425009438691,5.807320796070925,5.535054912264903,5.767252108930975,0.6666644978333469,4.851643808505978
MO,2008,4.153685779780855,5.553570875007702,5.7579384732486245,5.503689895353002,5.7225449894234,0.6671920026093847,4.820421368266588
MO,2009,4.112093905878721,5.547327637546575,5.756167102727094,5.491420730202566,5.71871564609726,0.6801941593327809,4.816542004530896
MO,2010,4.100093273826263,5.514917072912872,5.706128448769136,5.456893365913581,5.672983809768886,0.678450074798298,4.794772733495103
MO,2011,4.117153880526388,5.55576968619899,5.723450490316521,5.486855306033131,5.688959674118225,0.6885397642567681,4.83164561592203
MO,2012,4.122936586855977,5.56025395906669,5.725211059606233,5.4885730578564,5.691307042076843,0.6893819458138162,4.836397619704258
MO,2013,4.158294950059973,5.6470747989801096,5.869640067649544,5.583828205150564,5.828839890331054,0.7020150910483247,4.889958894700016
MO,2014,4.170390918091789,5.649636228075053,5.870589621178313,5.587347293262999,5.830380279739778,0.7004258772654537,4.89389710632502
MO,2015,4.163489327799828,5.648137114420554,5.870198537893567,5.5850103095684895,5.82963461161932,0.7020463961681545,4.896867495152904
MO,2016,4.180124347662628,5.652703987834988,5.871872759418589,5.5909379700418524,5.83201923277025,0.6994648620561206,4.898397270979194
MO,2017,4.1941211265393195,5.652404464833277,5.871371947584608,5.593672687968488,5.832990988395141,0.6998798305556497,4.93772770821494
MO,2018,3.966398855110622,5.515620506624674,5.745936188905873,5.441970277658847,5.696591662011049,0.726600761606977,4.9028671403721145
MO,2019,3.8446045062220064,5.139903206822216,5.295818553461806,5.078638538436425,5.261992821752244,0.6636775646962523,4.671206093536031
MO,2020,3.84119941634546,5.138765917971396,5.29536331875809,5.077670084284165,5.261440423880833,0.6648332631518539,4.672005672088858
MO,2021,3.8860149358499845,5.147304710748446,5.29878190730748,5.088848419530564,5.266556209053017,0.6556495554208563,4.674373311177645
MS,2004,3.2588817098235032,4.503969451861948,4.819850311355266,4.395290014498087,4.721581372148371,0.5730197329507858,3.9297139907391583
MS,2005,3.289297308941278,4.512042125265567,4.8231664287299765,4.40407884588558,4.725947237895396,0.5667589273141704,3.9334465187307415
MS,2006,3.317795755907899,4.519661835968807,4.826300167519628,4.412448164104359,4.730147945143666,0.5607767280459197,3.936275646239055
MS,2007,3.3424909748560703,4.526195816312312,4.8289825822475505,4.419579284788399,4.733713466984879,0.5554211861389824,3.9376265009716778
MS,2008,3.374937436665557,4.534641654220313,4.832462102267509,4.428807254864088,4.738267448197003,0.548120566975363,3.937190111913152
MS,2009,3.3721733291129845,4.534415018231985,4.832369255529829,4.428543693750133,4.738264692298701,0.5489396400519375,3.9378779635687122
MS,2010,3.3858657114782242,4.537778666625544,4.833749081633699,4.43222520162342,4.740064170358436,0.5457291618719884,3.9370406623384366
MS,2011,3.4127231100319197,4.545406395807098,4.837395651058972,4.440705652886473,4.744490521224684,0.5397247291246687,3.935264672897321
MS,2012,3.429515499895861,4.549738535051892,4.83915977838015,4.4454570511416565,4.746853197944517,0.5357319349432177,3.9324663339281867
MS,2013,3.4402142803094455,4.551558542329031,4.839401415954813,4.447356461251981,4.747561902901551,0.5327911127655072,3.9288230496316827
MS,2014,3.4531385696687833,4.55495072409424,4.840787674877225,4.451075391751725,4.749458685863052,0.5296748035079513,3.925559749196374
MS,2015,3.454143202457422,4.5553161010459675,4.840938015941191,4.451473339635072,4.749685734288985,0.5294724413476115,3.9254401724137336
MS,2016,3.463978485466726,4.557655196543021,4.841896313196802,4.454055641397848,4.750935641174293,0.5269809185994179,3.9221690450805804
MS,2017,3.4723792759997587,4.5536712844045715,4.835378156651286,4.448178794058383,4.74330493298401,0.522261735710905,3.9104890452317402
MS,2018,3.443578083295114,4.54038946713992,4.825057030538085,4.431944077268331,4.730454711232899,0.5282995466380225,3.9318231261713263
MS,2019,3.412213576640878,4.52680817168497,4.814906696216488,4.415449239368301,4.717783718367627,0.5346940211587881,3.9448002189970657
MS,2020,3.3854641724445766,4.52041299845563,4.812296564603429,4.4082581690875005,4.714280758909422,0.5421306611131382,3.958337354198173
MS,2021,3.3884048241667233,4.521368059864595,4.8126845128854745,4.4092140146995895,4.714799081888894,0.5419902489791517,3.9650149458982265
MT,2004,5.264435839799012,7.016795997585424,7.39111710060042,6.992947974913,7.4537725105150905,0.8233377495377336,5.606936165593739
MT,2005,4.922173977584762,6.440250283196384,6.651620537026927,6.377783462058848,6.570086169864148,0.7465811050415327,5.370985445770108
MT,2006,4.916543656715227,6.440802909016012,6.652095820484504,6.378355208907881,6.5704962933428215,0.7498016860239987,5.380950284552213
MT,2007,4.899661142500362,6.3914412845852775,6.5687945320632,6.321544892970626,6.452764895271072,0.7426393424700528,5.352843894796817
MT,2008,4.909746654353023,6.393249873869649,6.569531658833692,6.323992736879725,6.453782723391403,0.7415391749040268,5.366541420028888
MT,2009,4.91876320162557,6.395854263530126,6.5705847684920675,6.3268479506232485,6.455179699956359,0.739335211982306,5.36073592071126
MT,2010,4.917317643850872,6.399668795693899,6.572118943320137,6.3303497513372555,6.457224541382719,0.7444372574281211,5.362157118180704
MT,2011,4.92765899767519,6.403741736782725,6.573742270690944,6.334640540333468,6.459301084111023,0.743249401127688,5.368104812902792
MT,2012,4.932330690083651,6.406320548224894,6.574786847335619,6.3373528128590495,6.460695199308955,0.7434904761369654,5.371566794098278
MT,2013,4.929776253027521,6.406846233089142,6.575019301640484,6.33787775196897,6.46111448675495,0.7454258122323698,5.379150658369488
MT,2014,4.925294304924284,6.407195076731337,6.575169257079411,6.338044717874146,6.46128380777044,0.7478337727807038,5.383396066913525
MT,2015,4.927264105396926,6.4076380031457205,6.5753491210746,6.338561852456539,6.461525787008396,0.7474008859385317,5.383125030374239
MT,2016,4.918398398043516,6.407031429538558,6.57510992594037,6.337660833865471,6.461179753467784,0.7512021746595821,5.39311383295239
MT,2017,4.937456278633509,6.412397383055954,6.577277979449086,6.343618370162692,6.46406759727795,0.7473915859431912,5.391579785179464
MT,2018,4.954431739415497,6.416990697344698,6.579123500713355,6.3488564975270565,6.466594812714549,0.7447311774047116,5.393649714126931
MT,2019,4.927686773142607,6.4160653255354685,6.578764267239565,6.347469788269674,6.466059025857178,0.7666702183521612,5.668904920245112
MT,2020,4.923475762238511,6.415898673719215,6.578708512878023,6.347307982836109,6.465987975900075,0.7692239876699536,5.676528099835331
MT,2021,4.985740687922789,6.431290409861734,6.584887167952615,6.364591960648311,6.474365949093021,0.7549153794272234,5.699756811590646
NC,2004,5.893603643081583,7.677638624111928,8.038226135686338,7.629707368459121,7.97006885804449,0.8112212209976044,5.946043414028965
NC,2005,5.941496095081994,7.6943554429982255,8.045168224099996,7.646177638408529,7.978754080891434,0.7986300033956173,5.901348125180968
NC,2006,5.97843047815717,7.681054306671088,8.03847945219583,7.640491374752624,7.974217392642056,0.7829614465756807,5.841841979455793
NC,2007,5.968080788629445,7.545827651150688,7.83410403424684,7.502716661584942,7.781281490550122,0.7495774508343933,5.7150153571665525
NC,2008,5.9510825139261385,7.397654532998017,7.616871403634124,7.352511538243894,7.577641896744894,0.7278932349915723,5.857759345423007
NC,2009,6.033909777134134,7.609181991759024,7.8448811823712985,7.55843019490871,7.800994633639667,0.7801484647939505,6.180186118824333
NC,2010,6.056372390112505,7.603900696945908,7.8352431328215895,7.553360611681048,7.7937614691391826,0.7715562695898459,6.14698594763681
NC,2011,5.997340364202133,7.401813843929332,7.611381149080248,7.357166647787022,7.575442045747726,0.7205746648300093,5.925232494113983
NC,2012,5.581703968043911,6.952968899978681,7.354317357682113,6.834904429243605,7.224655921715379,0.6656342422246109,5.500337132547765
NC,2013,5.619204371167882,7.003849395152397,7.392087845556007,6.8842024390377015,7.260625422742108,0.6646956111484026,5.462012177674944
NC,2014,4.92402687328184,5.656433229405588,5.742397768064984,5.63774595545589,5.732914608239466,0.42887806719674737,4.102053505586635
NC,2015,4.88210667476106,5.607835710710486,5.692961475488516,5.58933014968478,5.6835835800779835,0.42481373000603506,4.064837437420431
NC,2016,4.818175760801935,5.595573895830501,5.688040375694872,5.5751106663712084,5.6768427554424274,0.45112557019435506,4.22891905566234
NC,2017,4.577261269461631,5.345612987217784,5.4374621463568715,5.325111749024279,5.42590354083747,0.44334492041959717,4.112539072876124
NC,2018,4.595006731524784,5.3492804365541575,5.438931131807767,5.329376542418273,5.4279143520272,0.4379701029290528,4.070939309028608
NC,2019,4.301594870714128,5.08969043079442,5.185675578321548,5.068017893374906,5.172552181534535,0.4493167207487825,4.0631686326233085
NC,2020,4.252089879029488,5.079756870399824,5.181692536113342,5.056546851458505,5.167093741505745,0.4679633789486659,4.144004756612404
NC,2021,4.295491311689327,5.087406832628801,5.184759642940205,5.065480676901641,5.171306577251109,0.45135736038175445,4.083356874543101
ND,2004,2.724015629273043,4.411109258049904,4.913648763753503,4.373513804650561,4.761503745885096,0.5807220573827987,3.389342754798738
ND,2005,2.7317761125007602,4.419429959230043,4.917346890513949,4.380753311752596,4.765696840551937,0.5817299420464273,3.3971545192427253
ND,2006,2.7162678528235658,4.370918200004837,4.8578283374252935,4.33292726484875,4.711020762539426,0.5742848923681154,3.3680308873925306
ND,2007,2.6667008371497496,4.323215535624647,4.837804783406573,4.295367529392789,4.692197771101998,0.5635308338075573,3.2995045432217602
ND,2008,2.6662715236212358,4.2862965028553175,4.783954315263689,4.257694908999327,4.643338702167596,0.55626678572952,3.278623053692288
ND,2009,2.2769218163839695,3.6950214681783113,4.149428427268393,3.656427521405999,3.9825325592514575,0.4823444643946462,2.837024802704149
ND,2010,2.2767397669193175,3.662138292746101,4.101725981087839,3.6229930102365753,3.9394266999153302,0.4758054440630044,2.817674509010758
ND,2011,1.8877326114255781,3.0353404423873473,3.4001848425208894,3.0030910357865754,3.264646915689761,0.39198553397442604,2.329643783584083
ND,2012,1.8842236970521333,3.0328747083503673,3.399026137780995,3.000850640573963,3.2633822551933642,0.39202703188604415,2.3279620235692966
ND,2013,1.5279395301593761,2.489391036530898,2.80377294141618,2.4592196389144356,2.6638923153634155,0.32195755541167825,1.9009518316522256
ND,2014,1.528085717591835,2.48934133914969,2.8036714001637515,2.4591381537427632,2.6638087878288834,0.3218351547342624,1.9008129867124273
ND,2015,1.3680123659126964,2.235115403343167,2.5223391359694762,2.2085733319448644,2.396098009245076,0.2891556425301034,1.7072252071479845
ND,2016,1.372318807127098,2.2389946707084145,2.5242256683028512,2.212128167149335,2.398159607941467,0.28929008082621,1.7091665177826836
ND,2017,1.381168542820998,2.245408370808233,2.5270933789387953,2.217966265867393,2.401393346698,0.28907800154510666,1.7121633192005479
ND,2018,1.3870486252608756,2.2267499668217567,2.510733496140869,2.1966279156528294,2.386456284331178,0.28655907783798895,1.745448899722614
ND,2019,1.3870681854064926,2.2265154552104582,2.5105882870479883,2.1964301421805303,2.3863228866068233,0.28644290303331266,1.7451133573264264
ND,2020,1.3845529653648514,2.2243880071558495,2.5094852559878094,2.194470043209475,2.385159902883206,0.28635277258830527,1.7435117914175797
ND,2021,1.0464051409141666,2.1404584715526727,2.4776418612309654,2.098096291497043,2.3409010516104316,0.34170456210904643,1.6192391232192382
NE,2004,4.716631160934579,6.6274397274505725,6.69102894947654,6.510212492157423,6.679125434525471,0.8637874876440632,5.756334966952857
NE,2005,4.763627142810288,6.652235873616361,6.690968868386398,6.529571679253844,6.684986914080565,0.8567063141927012,5.768292630146794
NE,2006,4.709995567063409,6.633157200592391,6.724504088375904,6.52526039951933,6.714193815124477,0.88936907751751,6.394859545421811
NE,2007,4.56558267133213,6.6155535547601785,6.723831796053828,6.497928426339088,6.706598684793339,0.9205870022491958,6.496027045267696
NE,2008,4.63047583909908,6.68235991926467,6.7851810463330064,6.561869756651691,6.769673027788761,0.9236128773371433,6.530821854018069
NE,2009,4.581331756765609,6.695894389568123,6.7866760970257625,6.569842315555336,6.776439419865741,0.9469131936134412,6.6075737345438945
NE,2010,4.628089566915536,6.753756083013847,6.853606026311997,6.630617155980881,6.84059077342301,0.9487094290727693,6.62851066416689
NE,2011,4.66876212614227,6.764858271582059,6.853261854662197,6.64213428452311,6.8426760218110365,0.9426931589822773,6.625484333208888
NE,2012,4.677366187041143,6.759428618300449,6.854269645453502,6.640016459119031,6.843428848838751,0.9411209544763266,6.625809040164879
NE,2013,4.559869463484045,6.510946359787661,6.682959703387161,6.427288039910441,6.652440972054185,0.9114589975227627,6.481559979557816
NE,2014,4.498178857772891,6.435939718945419,6.653809309954196,6.3593226898027995,6.58641789891202,0.9053441462348433,6.422794421269143
NE,2015,4.47089040469791,6.428553128259915,6.653430668608845,6.351423764188938,6.5841653768879,0.9108731418658533,6.4244554167064996
NE,2016,4.487751018540904,6.433100396969718,6.653615418730203,6.356323123712907,6.5854786162542736,0.9074935820433394,6.420794052718183
NE,2017,4.511161168196838,6.437312593647718,6.656132624077445,6.360792058252371,6.587931055477043,0.9019406944339448,6.411714642934028
NE,2018,4.465979751663674,6.355962268049553,6.645802040817153,6.291170141347527,6.589235593199178,0.8931903653753848,6.357082997486727
NE,2019,4.456941428163559,6.353238432951129,6.644706952901468,6.288258388630221,6.587857703538051,0.8941769463944982,6.349157013929183
NE,2020,4.446539000418882,6.350402579293513,6.643581991529692,6.285055025040462,6.5863238968700495,0.8960686304051446,6.34578666567953
NE,2021,4.501371678005848,6.365711392284934,6.649712435026676,6.30213221193354,6.59456290394102,0.8886157954994922,6.473328417424361
NH,2004,0.1467872122975757,0.33439082478476506,0.40011398653232966,0.4626961988065358,0.6938560447437242,0.04422799029537572,0.1813805264808454
NH,2005,0.14744318158793984,0.3351648729683704,0.40066170919081584,0.4639681442178404,0.6947215567385108,0.044252840236436164,0.18137988418103412
NH,2006,0.14806121892807747,0.33577390595706924,0.4014036454245462,0.4651692096280637,0.6955472640829797,0.04427695034794343,0.18137816672178766
NH,2007,0.14859927842115958,0.3364129615902455,0.40184694259910714,0.46620452151774294,0.6962604186538569,0.044297278917349026,0.18138445881515738
NH,2008,0.14932421841140042,0.3372882029431496,0.4024433570466437,0.46757015091934323,0.6971821850932618,0.044328725392495105,0.18142601958362473
NH,2009,0.14926845077905787,0.3372485015489701,0.4024073982462654,0.4675070091954148,0.6971584404578595,0.0443332280658959,0.18145172158023418
NH,2010,0.14957192574385858,0.33760224139396294,0.4026502744939877,0.4680554016015643,0.6975288791978509,0.04434634742565002,0.18146094985680855
NH,2011,0.15019446935339922,0.33836313556909753,0.4031926935046793,0.46925061664521395,0.6983772078154651,0.04440390423704477,0.1815102766168824
NH,2012,0.15057267283723694,0.3388142216095932,0.40349544296340795,0.4699555285072295,0.6988580226864874,0.044425280287552216,0.18154953918461464
NH,2013,0.15079042008252944,0.33903513497100146,0.40361991168946054,0.4702898997421766,0.6990438049675375,0.04440920281386651,0.18155837823386234
NH,2014,0.15108498476316812,0.33938460381115493,0.4038519121887221,0.47083446288347985,0.6994184611780125,0.04442657407579542,0.1815923353795128
NH,2015,0.15110910634560024,0.3394188963437739,0.4038729279162068,0.4708875873972782,0.6994588698496711,0.04442953122250071,0.18160088538499664
NH,2016,0.1513306247372099,0.33966814311050825,0.40404216704095025,0.47127712222989204,0.6997160304373895,0.04443454916631673,0.18161372471363177
NH,2017,0.1517158545955328,0.34014453047102894,0.40435080361653986,0.47201532225757825,0.7002336184897527,0.04445218491989644,0.18167939999932756
NH,2018,0.1521326638119374,0.34060891992833847,0.4046655060191264,0.4727422855835698,0.7007159706690326,0.044467098951206374,0.1817097304562507
NH,2019,0.1524464325769119,0.3409784091428665,0.4049082796217339,0.4733175726206767,0.7011088015847187,0.04448179139383557,0.1817523656302132
NH,2020,0.15266384346472572,0.34124065776511026,0.4050766985547619,0.47372274449568286,0.7013905066390986,0.0444929008306727,0.18178537568436776
NH,2021,0.1534568158305219,0.34210349129721035,0.40564723962968363,0.4750930744085011,0.7022856526101316,0.04451016152111631,0.1816974469498109
NJ,2004,3.416890959464336,6.189178572709466,7.40696544476489,6.1766489694686095,7.370389980511572,0.9368150856537083,6.142284621011386
NJ,2005,3.5053564144361373,6.279029060684817,7.469985256354015,6.279823678296809,7.447379595622422,0.947549924650859,6.214343436035693
NJ,2006,3.557087801320295,6.325982648337184,7.514471045800956,6.3293433534230585,7.485024083048988,0.9544217036598357,6.275506711463964
NJ,2007,3.5681797169796052,6.367240525747168,7.551695282924848,6.373178633327422,7.5183110230448,0.9954420464561742,6.469285248070676
NJ,2008,3.6243689540418624,6.422128987738394,7.600496341264089,6.429825590458192,7.5604455282495975,1.0117816748974051,6.716839900342455
NJ,2009,3.7846930867124993,7.013287752898481,8.67341779104582,7.072841180798226,8.620676570941159,1.1440166317348788,7.4320105657466895
NJ,2010,3.6388225709453477,6.441148418223083,7.617088381606388,6.449406056428258,7.575067074379581,1.0189500993934342,6.633155283711261
NJ,2011,3.696959417260341,6.487782391444682,7.657380989298854,6.498006783802177,7.6109126169132075,1.0212988936507905,6.668021732441878
NJ,2012,3.7311110681900344,6.517299481238747,7.682398521188997,6.528055502307831,7.633179235317867,1.024789541356419,6.708342552123764
NJ,2013,3.753198633346831,6.536249027292201,7.698195660704593,6.547033102138212,7.647092061200299,1.029183709284498,6.744735102279355
NJ,2014,3.780593139138014,6.5591735838042595,7.717246195834502,6.570541513762976,7.664302900884638,1.0316694775017177,6.768555307112818
NJ,2015,3.7254913698814733,6.561044138075387,7.718716726851343,6.572270148896082,7.665700474579783,1.094423358567942,7.685769645744282
NJ,2016,3.7254490144458146,6.578610723488541,7.733162177979045,6.59023160161017,7.678674634411432,1.1206437986440942,8.129256809564213
NJ,2017,3.7330516638001296,6.60923497403888,7.757380573817935,6.614646340574156,7.699791159886686,1.1332871570692626,8.130938439039877
NJ,2018,3.753120386092872,6.642689404707708,7.784015007433163,6.645169133022772,7.72327243245808,1.1493109133273283,8.327431674041467
NJ,2019,3.772518840916427,6.668508011269029,7.804220868550289,6.672891350847172,7.74224008414406,1.1634056475514964,8.479271543595535
NJ,2020,3.7855097670346596,6.686137407740963,7.817629094096059,6.6898926389532,7.754618255271261,1.1728022834210705,8.59319401502795
NJ,2021,3.8686325426477715,6.750310339353225,7.86556981210277,6.754728124235229,7.8011383225399396,1.185213579910771,9.13979002951053
NM,2004,4.384334331177775,6.386980153482867,6.598542947850978,6.302096805225669,6.4823063650557,0.9635161949181015,7.335801681111385
NM,2005,3.841510829029096,5.3665641612165516,5.503800845285205,5.3010311562008,5.393324911449999,0.7783650379185714,6.4092594819289985
NM,2006,3.5835761487202964,4.950491089350118,5.0636661248708945,4.889968690502593,4.942973978822374,0.7241522894272934,6.05058813700715
NM,2007,3.5295067758913765,4.922251422816025,5.019540259746083,4.857718539001445,4.879371129882779,0.7652727570097495,6.640231499790644
NM,2008,3.3177872081122026,4.5488733083628405,4.633559493334504,4.492807522405767,4.507613493401894,0.7003953030194521,6.393188378278957
NM,2009,3.267845389221396,4.537233849488467,4.632016918369348,4.482066167045216,4.5037409413620395,0.7175154077418311,6.44476347010009
NM,2010,3.2841732853204575,4.520860868529598,4.619688463991048,4.469088493311742,4.493174764309214,0.7062598507389328,6.396570491629532
NM,2011,3.314432198785252,4.526374849979928,4.6212752460674436,4.475148122220572,4.495686607587253,0.6943663621576057,6.326760100031784
NM,2012,3.3207118180604382,4.52694242679769,4.621612825928058,4.476064393888469,4.496079545485508,0.6904043093517109,6.286450199313552
NM,2013,3.3398882702969868,4.587509706329078,4.66223847764322,4.530845746352686,4.535256374947493,0.6984580595155276,6.296034672239317
NM,2014,3.349231483946497,4.588821271515594,4.6626857861067155,4.532496241256263,4.535963735520409,0.6941098140196833,6.265005752251524
NM,2015,3.3372129148389353,4.58636413626724,4.662480166594719,4.5298738938085386,4.535049449715064,0.6974938222210958,6.267632562558579
NM,2016,3.3497737887626107,4.5889840904687835,4.663056075831351,4.53274655805061,4.535995713541864,0.692697420077637,6.240552634443011
NM,2017,3.3750901822734627,4.594461206109643,4.663630938901214,4.537902684611951,4.5384541311679705,0.6838710355061783,6.197927351999177
NM,2018,3.3882977872432147,4.517014469072684,4.591054174057471,4.457319025830541,4.475912009765189,0.666711913661644,6.145018511610438
NM,2019,3.315913700414841,4.528281657093469,4.626176252801434,4.475124079869866,4.529148526117651,0.7136085858932995,6.711681745321622
NM,2020,3.3182138404332764,4.52854811976478,4.626289027203183,4.475454729510694,4.529291176944983,0.7122326914152044,6.6931041648165905
NM,2021,3.4844152076106814,5.037065281432095,5.395123445279609,5.005712559893202,5.245491446742855,0.8444139041447585,8.629312589820374
NV,2004,0.0,0.0,0.0,0.0,0.0,0.0,0.0
NV,2005,0.0,0.0,0.0,0.0,0.0,0.0,0.0
NV,2006,0.0,0.0,0.0,0.0,0.0,0.0,0.0
NV,2007,0.0,0.0,0.0,0.0,0.0,0.0,0.0
NV,2008,0.0,0.0,0.0,0.0,0.0,0.0,0.0
NV,2009,0.0,0.0,0.0,0.0,0.0,0.0,0.0
NV,2010,0.0,0.0,0.0,0.0,0.0,0.0,0.0
NV,2011,0.0,0.0,0.0,0.0,0.0,0.0,0.0
NV,2012,0.0,0.0,0.0,0.0,0.0,0.0,0.0
NV,2013,0.0,0.0,0.0,0.0,0.0,0.0,0.0
NV,2014,0.0,0.0,0.0,0.0,0.0,0.0,0.0
NV,2015,0.0,0.0,0.0,0.0,0.0,0.0,0.0
NV,2016,0.0,0.0,0.0,0.0,0.0,0.0,0.0
NV,2017,0.0,0.0,0.0,0.0,0.0,0.0,0.0
NV,2018,0.0,0.0,0.0,0.0,0.0,0.0,0.0
NV,2019,0.0,0.0,0.0,0.0,0.0,0.0,0.0
NV,2020,0.0,0.0,0.0,0.0,0.0,0.0,0.0
NV,2021,0.0,0.0,0.0,0.0,0.0,0.0,0.0
NY,2004,4.87924641965164,7.268815836225938,7.573659462679985,7.094600129800839,7.4512558152408195,1.118247497095104,8.69342406841782
NY,2005,4.935394205910178,7.2846093570126005,7.5775430715529035,7.115292772394051,7.460419549977362,1.1131546092809863,8.699090176152556
NY,2006,4.4570470429027464,6.566450992428889,6.742354334471095,6.435607340784166,6.670648202767488,1.1267275790117548,9.077761945526046
NY,2007,4.508621931615321,6.573886250323171,6.745184553912797,6.447659562267755,6.675958338093517,1.1191166725018298,9.081399588874586
NY,2008,4.574723453673958,6.583568375956588,6.748872810588919,6.462859579761613,6.682401582352746,1.1112413759779671,9.134677317733864
NY,2009,4.992448610278636,7.926070183409676,8.837118032988156,7.884605349978453,8.562348390174828,1.361483785380524,10.311698105585865
NY,2010,5.032114743123968,7.939348759681607,8.839164649041141,7.900284596479118,8.568440311174246,1.3521124705565324,10.288860866420979
NY,2011,5.10407729377809,7.97326385781662,8.843015346029915,7.925991903370839,8.583240026299391,1.3391994159364429,10.267841826901604
NY,2012,4.692468913745598,6.961681470294469,7.53711266251752,6.871133879048608,7.597229083131649,1.1693516834337392,9.570277936240103
NY,2013,4.682980010259352,6.9590972028432105,7.536111245147763,6.869037361081189,7.5959560074936,1.1729922417058725,9.589056125709092
NY,2014,4.696292990693568,6.961080916293673,7.536491541294293,6.871948942278151,7.597093899048828,1.1709102418428485,9.590963047618963
NY,2015,4.574977434925453,6.9442026733017554,7.534898785735013,6.856895715002619,7.591688103048036,1.1900364602244973,9.555758002263437
NY,2016,4.59311599951389,6.9490973727494385,7.536411251489917,6.861468664605895,7.5942263128858745,1.1849098105890743,9.539044028187392
NY,2017,4.724114441842696,6.965019198486878,7.537984562193399,6.877769713257396,7.599845691788881,1.162182513894705,9.567348424220652
NY,2018,4.719546776186757,6.965490551518586,7.552843996657802,6.881239511449362,7.618371108443361,1.145501215353506,9.608441732867142
NY,2019,4.715659588473493,6.959585878747446,7.5560524980484045,6.878348425508172,7.6204772908575205,1.1352588085848936,9.5526374605999
NY,2020,4.701939416204952,6.957170887931629,7.564676305717423,6.875861286358393,7.626403242943125,1.128750368524667,9.508037477495133
NY,2021,4.626507032359918,6.576717343604104,6.807183150212267,6.473132135734227,6.742521962595522,1.0278238386919103,8.841278506664388
OH,2004,4.4415245216687795,6.553142416785001,7.118850191007512,6.51054235274341,7.024627045945,0.8323929621801396,5.338282367603786
OH,2005,4.289044643249136,6.299248166705436,6.828706780473371,6.257439875167955,6.740510649845765,0.798237189591422,5.242787755981914
OH,2006,4.132467426138716,6.041086235716125,6.537227334779922,6.000775628069676,6.454353425889041,0.7610329534610272,5.035352606737461
OH,2007,3.9691813126820943,5.778811974602935,6.243285394646491,5.740116271071847,6.165986571155134,0.7236691331334644,4.799864711722597
OH,2008,3.8147805851964285,5.521048987384967,5.9512080868762025,5.483326012735892,5.879639963986229,0.6857183004621681,4.583158859358574
OH,2009,3.804000978006169,5.5168241538369305,5.9494559413305,5.479211681308904,5.877536482246498,0.687762245551482,4.5882196053924345
OH,2010,3.810336682838406,5.520856159994863,5.951287049707515,5.483055613779411,5.87974235953904,0.6872209323170897,4.585486366549626
OH,2011,3.6348901259096045,5.250690390166505,5.654036418360953,5.214480745171334,5.586979212927585,0.6507667531384875,4.362846119222782
OH,2012,3.6385178353131113,5.252208788211461,5.654907408358322,5.215976854531131,5.587866031643704,0.6496922374603975,4.350670246698382
OH,2013,3.3611497228576606,4.817324335606778,5.17781697503225,4.784876464758983,5.118102441856104,0.5990190738602075,4.040799216979084
OH,2014,3.3019180247222244,4.7466838994961105,5.096824266121257,4.714140979483913,5.038669727459143,0.6021981700098045,4.01922547193202
OH,2015,2.6551995558801216,3.6173185679455115,3.8147072384587903,3.4764078805205765,3.6981214837672156,0.44300267544126193,3.164209723351102
OH,2016,2.639228627005572,3.585771819023637,3.8141583673120576,3.446314207470296,3.651061446226484,0.43587568233882656,3.125385204885928
OH,2017,2.672651190440147,3.6654571375420044,3.9310292751832154,3.5344796234411255,3.7761639597748595,0.4463902750580395,3.183321824072706
OH,2018,2.681234683926648,3.6727424316777944,3.937427145218042,3.54183947610699,3.782602407490512,0.4453200431440152,3.188079756877662
OH,2019,2.5753312774787784,3.5510449856065196,3.8142125629135264,3.428149225988881,3.6686183620229125,0.446593919738536,3.2087179299367863
OH,2020,2.5721852337424753,3.5513805988733504,3.816065943507479,3.4288244584979424,3.670265525106685,0.44693601374221625,3.2060115446576636
OH,2021,2.379270018320085,3.1421988680378474,3.3474643703594533,3.0479304527564683,3.2465953522392073,0.38712835015596303,2.9160736026043406
OK,2004,5.446837689265097,6.4004943065103586,6.455821676914971,6.388253167234001,6.478656727818809,0.6624159879051295,6.689328118080902
OK,2005,5.2478314917909215,6.201207958042732,6.323055446246115,6.193042651841686,6.309201223167418,0.6514768451391206,6.48590166012711
OK,2006,5.2074613929534825,6.168459474805316,6.28379527034906,6.158739728487455,6.272603519790768,0.6615370150842126,6.519235990653275
OK,2007,4.796869094519364,5.834205075773772,5.933422512937463,5.805763956044431,5.923279194004038,0.673632101542232,6.307162837543736
OK,2008,4.311832432957526,5.27894150597335,5.351741686052352,5.245975256729967,5.343683375031285,0.6210136702057167,5.82268534182497
OK,2009,4.092878571477672,5.146242882260604,5.2172578835729135,5.09183637870771,5.201884368719705,0.643476724478298,5.818415817317639
OK,2010,3.8966934607959955,5.0684424913408685,5.160398721520682,5.003903016163872,5.127680002838313,0.6875941777356176,5.876837520997042
OK,2011,3.9285441014070654,5.072920907225354,5.161993880630375,5.010302079446357,5.130637538837605,0.6765023646301493,5.844702719077265
OK,2012,3.776476803123249,4.858727001522588,4.941111745211836,4.799473513037092,4.911850483728518,0.6419421744690124,5.62393262668041
OK,2013,3.807679048168441,4.935927198938336,5.060141063384564,4.881035673384227,5.025099979007605,0.6520975546828844,5.660585984485675
OK,2014,3.8188411340315387,4.937880322211452,5.060851798618552,4.883605344394152,5.02632199733254,0.6482493192485062,5.648053882699375
OK,2015,3.8117363914689983,4.937022557258671,5.060448538385165,4.882371585617269,5.025728873910465,0.650908207323353,5.652540106868465
OK,2016,3.7123303897153934,4.819007299796756,4.955236416585634,4.766496431235515,4.908704520712412,0.6104013212322568,5.0658010752497304
OK,2017,3.732843138445881,4.823979093333201,4.9561548497453165,4.771801112459784,4.911498921655641,0.6037767930262006,5.048403074233663
OK,2018,3.7218922499162597,4.786218149132866,4.917860318786207,4.737334903361695,4.8833474415643865,0.5983009312749976,5.001522008574875
OK,2019,3.7422150349073218,4.789975705004004,4.919300539232897,4.7419680593489435,4.885567829979474,0.5918645125904676,4.981935806301176
OK,2020,3.7555677584842884,4.79248810048859,4.920267595446464,4.745124184536101,4.887058651237307,0.5874937536664016,4.972000202139271
OK,2021,3.787173547536309,4.801704145085684,4.923826127025122,4.756099301993733,4.892503569198664,0.5806581698081681,4.9473826907205645
OR,2004,7.244798019835504,8.649666003735517,8.830062769048375,8.595775828516492,8.766209373137745,0.7976268070457371,6.935410369375654
OR,2005,7.2559024958840395,8.653035274806161,8.831731464204232,8.598468627426856,8.76811334030367,0.7856850154512207,6.8871548369460776
OR,2006,7.2188021750740266,8.61810898259443,8.77503599153267,8.559146307964978,8.709022299934604,0.7903738953900286,7.163919946949207
OR,2007,7.228694251167378,8.657236842744059,8.7999578324339,8.592116686887104,8.732357466140304,0.7897894943870387,7.147053788940137
OR,2008,7.6175501354784405,9.615296117290137,10.246038972017871,9.584621378664014,10.09518094063313,0.9164425437849011,7.675268997647368
OR,2009,7.544314452593856,9.604844405666343,10.244830342824715,9.575232408683851,10.092236513413551,0.9475128863783988,7.809720493817235
OR,2010,7.540384314755378,9.551697504055634,10.157074021417245,9.518150664924594,10.010357007498824,0.932302022382403,7.743295049590416
OR,2011,7.361472696031964,9.035522635974198,9.34610934773086,8.977476138511609,9.24704660631464,0.8494053090082443,7.4061219542374355
OR,2012,7.363875857335018,9.04356173086653,9.349219564523441,8.983537307818198,9.250435259534877,0.8490731010003194,7.397062000201911
OR,2013,7.441647911386168,9.24909915141025,9.594037097976454,9.176703724343469,9.485749864983614,0.8834804829340182,7.534408169037707
OR,2014,7.431601657554566,9.25504656162931,9.595984766994333,9.181146959108228,9.487838845490925,0.896197937493548,7.702305333410151
OR,2015,7.419723197326754,9.254365673360578,9.59577379159148,9.179992012780007,9.487232224871525,0.9006250009191197,7.725136294716857
OR,2016,7.436462765881982,9.26107438599128,9.598120898765883,9.18581638247896,9.490936181258839,0.8958512011577269,7.678970705859387
OR,2017,7.459010316252672,9.272417446427447,9.601921234449636,9.195787473797198,9.495209890616497,0.8895891361449637,7.63589642039881
OR,2018,7.560265356440873,9.387365414973411,9.699465758708111,9.32335178898734,9.64411949293241,0.8849031925293405,7.650621611170607
OR,2019,6.1673297783020455,7.781238688629225,8.035751000644876,7.722041747040546,7.989014773723803,0.7828122119784231,6.9290937693803585
OR,2020,7.472669280531102,9.304158069767917,9.66502800956055,9.24334901975929,9.601126196520363,0.8694710887494184,7.66360596401621
OR,2021,7.527045233023302,9.332294184142821,9.674768761531736,9.267001425762325,9.614202072557582,0.8589879422344016,7.6478049261219665
PA,2004,2.6785751066864396,2.977651136008101,3.0496766916129356,2.937804410251582,3.0588925673048877,0.22067141583290706,2.1228067371831734
PA,2005,2.6856256637613547,2.9775485909008754,3.049617591765837,2.937954368252998,3.0588060098699907,0.2152819705284248,2.0798403212458183
PA,2006,2.690711558366598,2.9776812540904367,3.049546754400188,2.938101422919926,3.058838257994627,0.21105001063290718,2.0486458112074186
PA,2007,2.695669036970543,2.977689577065762,3.049537722544134,2.938164384673107,3.058838618540886,0.20684435708249183,2.0164364293283468
PA,2008,2.703379600851736,2.9776699808004325,3.0495218004339066,2.9381372110477497,3.0587745726854885,0.20119065234790456,1.981172431863429
PA,2009,2.702785564663459,2.97804457487408,3.049671052813656,2.938544084470923,3.0590563844854515,0.2017909361930026,1.9851809711256347
PA,2010,2.7062347730483047,2.9778779803307165,3.049598260530509,2.9383440449385176,3.058930490622519,0.19939252841520982,1.9678503364932216
PA,2011,2.7127946237815967,2.9784533752462394,3.0501383714373085,2.939033174254326,3.0593848518516626,0.1946289203350604,1.9358592975731361
PA,2012,2.717001573212031,2.978477626334311,3.050139708454974,2.93904745201357,3.059395374276424,0.19135806280249357,1.915410862521294
PA,2013,2.719210233828136,2.9776628582399547,3.0494851991069205,2.9380675056037444,3.058748062861289,0.1887820081800773,1.8985980115538472
PA,2014,2.7224545870561108,2.9777260869564635,3.0495003358137995,2.938122922524336,3.0587965016985685,0.18612275820347746,1.8795973695328803
PA,2015,2.722726010166748,2.9778074230614395,3.049532319966155,2.9382099684226093,3.0588569819156297,0.18595027551832066,1.878303222630206
PA,2016,2.724757047745347,2.977684039182507,3.049477701445238,2.938067383542258,3.0587620631335923,0.18403681759466828,1.8649448718134678
PA,2017,2.7281494602609357,2.978043975743426,3.0496055849946817,2.9384146492460776,3.059008450728215,0.1812180186277712,1.8442513337020285
PA,2018,2.731354972427559,2.977839203625529,3.049516858084105,2.938182720801039,3.0588606730047116,0.17819413537292217,1.8199299017281199
PA,2019,2.733701784198097,2.9779541238232965,3.049553582213163,2.9382837887426563,3.0589339179547737,0.1762375931664617,1.8038411636524516
PA,2020,2.735332406591777,2.9781382552903555,3.0496164741367973,2.938443746631605,3.059054426702894,0.17491820045100193,1.7940481496309233
PA,2021,2.7414760825990316,2.978064766148977,3.0495223902611177,2.9382130609360066,3.0589044167973145,0.1694882447192736,1.7577917360957078
RI,2004,4.780461498633085,7.544227037495467,8.297975260533073,7.465797846388909,7.997941503404557,1.0186601300456566,6.011216962564697
RI,2005,4.792002554292087,7.557947222830366,8.304039315131405,7.478135932497594,8.004845735814284,1.0257806251142143,6.12949964370607
RI,2006,4.67820960902579,7.240973205985095,7.759489305092188,7.149442261882708,7.4828356146203046,0.98132642061588,6.047753691533515
RI,2007,4.586217488845924,7.006485137744666,7.33963735645477,6.901489209855429,7.15364092854088,0.9466151347215401,5.9156103233790205
RI,2008,4.498699774838265,6.698530198004412,6.8848915153260215,6.586562186619163,6.76586331507539,0.8964087902236129,5.733786101555052
RI,2009,4.2922278308518145,6.32771209746829,6.4229975573784355,6.207108053037208,6.343543961124407,0.8574468914175348,5.548124743207648
RI,2010,4.196601020221131,5.96856328457596,5.999999995469655,5.8587362440921,5.977513664274202,0.7993375548701609,5.342613650627827
RI,2011,3.6953205018135664,5.607949546938207,5.838052338952865,5.496077737905111,5.780316499654311,0.7391199419106265,4.79194009734694
RI,2012,3.6704302358627805,5.601094668098887,5.835327234388999,5.48669612398142,5.776431208206888,0.7413578093658946,4.791725628169991
RI,2013,3.6534849812732135,5.596856148173135,5.833632275515697,5.481007077152622,5.77374055562147,0.7426295759530244,4.791073537913096
RI,2014,3.65444585551817,5.5965909779072955,5.83352936773229,5.4807834790248835,5.773637746300108,0.7420823000926169,4.787659157215972
RI,2015,3.612327365995019,5.590884134684968,5.831262242587241,5.4727549355301415,5.77037872948491,0.7716051306804306,5.349180369861335
RI,2016,3.609056173351033,5.593952665110323,5.832478970312209,5.476865407771321,5.7721175318688545,0.7849830557953741,5.569070478337364
RI,2017,3.524848327273882,5.599139483410331,5.834554151787586,5.474238281111463,5.77417132269274,0.8509768295017706,5.926542513962954
RI,2018,3.533130610955432,5.600888717004227,5.8352437406119,5.4765347177317905,5.775132377289681,0.8497501414490793,5.925192700274785
RI,2019,3.523690626999704,5.59860854531807,5.834341012595434,5.47360782412729,5.773879496029469,0.8496568504427704,5.9203558219234536
RI,2020,3.5181586402417313,5.595946526366373,5.833288753071635,5.470254511569334,5.772174710789639,0.8496283327811716,5.919171020625678
RI,2021,3.55965535295156,5.608534702085725,5.838289594946762,5.487056715489074,5.779568239046584,0.8505557796224306,6.1369378052708345
SC,2004,4.587446113219037,6.319868062411092,6.423899343408828,6.168424103470906,6.2410830135602335,0.8547773644179357,5.654192341308793
SC,2005,4.600574434957144,6.319737136544525,6.425389691782626,6.174088846171004,6.244464076334812,0.8527570682431151,5.660428775305954
SC,2006,4.626972384003168,6.3655432739586715,6.488296462869878,6.222095392923122,6.303683359543045,0.8584827014657681,5.692357793099523
SC,2007,4.631190471290073,6.366668729293778,6.489858040567434,6.225931400311444,6.305795274038062,0.8587722628146333,5.6979199477707985
SC,2008,4.672433851320804,6.405916018440554,6.5532615567431955,6.269736175393216,6.362483481760623,0.8591427034916888,5.7278385239125065
SC,2009,4.548591811943093,6.37060697095669,6.54522897876348,6.237014409043067,6.349296052333693,0.887928597681209,5.7488388878971355
SC,2010,4.575395702718637,6.399017079524024,6.605104667056204,6.269404275755129,6.3977626141992365,0.8891139625889499,5.770813056108797
SC,2011,4.609659384316214,6.408836248602626,6.60800765804077,6.281112837339462,6.403971769278211,0.8838645615280694,5.785610032609947
SC,2012,4.611397906780184,6.410669311500505,6.608583992249982,6.283479094712761,6.4041595335182855,0.884389148083875,5.7884867052229305
SC,2013,4.579070496091093,6.342258107657354,6.444702826433868,6.202559613853467,6.266213666455989,0.8760506238737142,5.749210165379277
SC,2014,4.587066164607609,6.344826833949154,6.445666677942355,6.206051549102182,6.2679591497462885,0.8752038435609344,5.753729202500821
SC,2015,4.572756944823263,6.3416736179988265,6.445732306998529,6.203381315710362,6.2672287176715615,0.8779508078792353,5.749076507379339
SC,2016,4.5829956117327555,6.345164089654326,6.445778907195981,6.2063838180212745,6.26831542265521,0.8766662729728925,5.753826873415827
SC,2017,4.614232796655445,6.3528969627326815,6.447691753934406,6.216558246316645,6.273019000248571,0.871272301285031,5.766350235671995
SC,2018,4.489915595524402,6.341991803992499,6.544097906790529,6.216785979526325,6.357091257370523,0.9039387885174222,5.732408106032674
SC,2019,4.482107765880901,6.339567200177634,6.5430342855717205,6.21534010865095,6.3564223510144355,0.905605088517758,5.72754140785018
SC,2020,4.478314988445223,6.337386079640419,6.542077697624017,6.214090291608272,6.355768546478628,0.9053751626592055,5.722880217700986
SC,2021,4.540156810303654,6.353082710436376,6.548191917482669,6.233563460596491,6.3651905104030675,0.8951125291652096,5.787319648682196
SD,2004,0.0,0.0,0.0,0.0,0.0,0.0,0.0
SD,2005,0.0,0.0,0.0,0.0,0.0,0.0,0.0
SD,2006,0.0,0.0,0.0,0.0,0.0,0.0,0.0
SD,2007,0.0,0.0,0.0,0.0,0.0,0.0,0.0
SD,2008,0.0,0.0,0.0,0.0,0.0,0.0,0.0
SD,2009,0.0,0.0,0.0,0.0,0.0,0.0,0.0
SD,2010,0.0,0.0,0.0,0.0,0.0,0.0,0.0
SD,2011,0.0,0.0,0.0,0.0,0.0,0.0,0.0
SD,2012,0.0,0.0,0.0,0.0,0.0,0.0,0.0
SD,2013,0.0,0.0,0.0,0.0,0.0,0.0,0.0
SD,2014,0.0,0.0,0.0,0.0,0.0,0.0,0.0
SD,2015,0.0,0.0,0.0,0.0,0.0,0.0,0.0
SD,2016,0.0,0.0,0.0,0.0,0.0,0.0,0.0
SD,2017,0.0,0.0,0.0,0.0,0.0,0.0,0.0
SD,2018,0.0,0.0,0.0,0.0,0.0,0.0,0.0
SD,2019,0.0,0.0,0.0,0.0,0.0,0.0,0.0
SD,2020,0.0,0.0,0.0,0.0,0.0,0.0,0.0
SD,2021,0.0,0.0,0.0,0.0,0.0,0.0,0.0
TN,2004,0.19190737003194672,0.4179636726579418,0.4910514996150777,0.5832853405396227,0.8510328120628656,0.053424412258795684,0.22500989086071685
TN,2005,0.19249984639584258,0.41847478766087975,0.49139244158765305,0.5840606295568029,0.8515076031630511,0.053361389857997654,0.22509465005480092
TN,2006,0.19300594848302097,0.4188886846954651,0.49198055247324873,0.5848505518678386,0.8519767457824017,0.053330059150646925,0.22432082373868914
TN,2007,0.19350466286742246,0.41930944024769407,0.4922562759342681,0.5854904139862719,0.852371856153129,0.05329711877275489,0.22434063527067588
TN,2008,0.1940671320650924,0.4199669822044442,0.4928318435403245,0.5864514710117504,0.853173709266873,0.05332045021125831,0.2244157033002193
TN,2009,0.19399549373761873,0.4198580644311367,0.4926040865730067,0.5863204379166161,0.8528977792900484,0.05331331581157617,0.22438850552556158
TN,2010,0.19425017983167248,0.42017717439783436,0.4929627639899139,0.586767797629751,0.8533864276969123,0.053331892649632895,0.22444479495772435
TN,2011,0.19488180157013354,0.42069152839337776,0.49333402318934416,0.5875630217283226,0.8539182756433554,0.05320971926121576,0.21949850357533696
TN,2012,0.19515963182784868,0.42097440769825384,0.49351692749748566,0.5879878430333851,0.8541818184950148,0.05321472292753038,0.21938083851023849
TN,2013,0.19546057363761402,0.4210544787122773,0.49353839742904976,0.5880863885075764,0.8541828294484468,0.0530105566850847,0.2193399439408826
TN,2014,0.19567382433445962,0.42127796362535436,0.4936797351618455,0.5884217163858566,0.8543944595989276,0.05301696652887378,0.2193261787816889
TN,2015,0.19569276534625069,0.4213051448417032,0.4936950517025123,0.5884629020117317,0.8544258523792144,0.05301952060083881,0.21933269488345064
TN,2016,0.163207644687121,0.3512103061521567,0.41149402495782156,0.49057002256743526,0.7121260584345738,0.04423024503333872,0.18275403469656315
TN,2017,0.13075419180373007,0.28118432513001296,0.3293265182607198,0.39277815116297216,0.5699143062312287,0.035409306679756725,0.14620549934815247
TN,2018,0.09821268970262932,0.21102812638193966,0.2470863562947227,0.294791737265155,0.4275556604649639,0.026584769745385817,0.109618179690798
TN,2019,0.06555628402078108,0.14076580305334566,0.16477414843898008,0.19664691025292863,0.2851122738684417,0.01773683458367037,0.07306942027647884
TN,2020,0.032804239065451976,0.07041252947463339,0.0824048824137395,0.09836660586249994,0.14258474090427403,0.008878551672963919,0.03653322277251158
TN,2021,0.0,0.0,0.0,0.0,0.0,0.0,0.0
TX,2004,0.0,0.0,0.0,0.0,0.0,0.0,0.0
TX,2005,0.0,0.0,0.0,0.0,0.0,0.0,0.0
TX,2006,0.0,0.0,0.0,0.0,0.0,0.0,0.0
TX,2007,0.0,0.0,0.0,0.0,0.0,0.0,0.0
TX,2008,0.0,0.0,0.0,0.0,0.0,0.0,0.0
TX,2009,0.0,0.0,0.0,0.0,0.0,0.0,0.0
TX,2010,0.0,0.0,0.0,0.0,0.0,0.0,0.0
TX,2011,0.0,0.0,0.0,0.0,0.0,0.0,0.0
TX,2012,0.0,0.0,0.0,0.0,0.0,0.0,0.0
TX,2013,0.0,0.0,0.0,0.0,0.0,0.0,0.0
TX,2014,0.0,0.0,0.0,0.0,0.0,0.0,0.0
TX,2015,0.0,0.0,0.0,0.0,0.0,0.0,0.0
TX,2016,0.0,0.0,0.0,0.0,0.0,0.0,0.0
TX,2017,0.0,0.0,0.0,0.0,0.0,0.0,0.0
TX,2018,0.0,0.0,0.0,0.0,0.0,0.0,0.0
TX,2019,0.0,0.0,0.0,0.0,0.0,0.0,0.0
TX,2020,0.0,0.0,0.0,0.0,0.0,0.0,0.0
TX,2021,0.0,0.0,0.0,0.0,0.0,0.0,0.0
UT,2004,4.787792263630444,5.889425056079549,5.953740032453941,5.862660056273887,5.970299346016929,0.6669348418887777,5.370050417102391
UT,2005,4.798931011491246,5.882275322011913,5.95358262387002,5.858334015552283,5.9690916306803015,0.658828208322515,5.361083563933096
UT,2006,4.75407463259427,5.842476761591237,5.932364359177219,5.819661834819994,5.942211846995242,0.6583371189097131,5.332133963336384
UT,2007,4.567743567879974,5.349809985769456,5.35000005522265,5.327949654490385,5.354511509431648,0.5768203489919577,5.019207097651151
UT,2008,4.360747864368869,5.0000000175643065,5.000000000444334,4.986535513598952,5.005689189260576,0.5079486455235704,4.65617400865004
UT,2009,4.317147102599568,5.000000006180861,4.999999988278283,4.984426841596194,5.005195860960033,0.5279671448129131,4.691173307560733
UT,2010,4.333777853511409,5.000000002835652,4.999999993340354,4.985319465168686,5.005405893947144,0.5202246354267026,4.680218802558916
UT,2011,4.3513027490653045,4.999999966452686,5.000000015237973,4.986168857765869,5.005520933061973,0.5115099078362162,4.668939714629728
UT,2012,4.349437314186185,5.000000025967813,4.999999989083372,4.986169845174849,5.005506375098043,0.5118830253742046,4.672767449085733
UT,2013,4.340919889233278,4.999999988017516,5.00000002934501,4.98585863605365,5.0054901917081285,0.5154841329877868,4.6805480536160236
UT,2014,4.343573515532036,4.999999956403161,5.000000026846959,4.986025396305758,5.005524299565516,0.5139791920806491,4.6800226124104345
UT,2015,4.330633708291805,4.999999982322548,5.000000016697923,4.985383515878785,5.005363683539553,0.5197715710350104,4.689600370086896
UT,2016,4.3388683913717765,4.999999993388592,5.000000005907673,4.985828964288407,5.00547642506755,0.5157213016395712,4.68376578376782
UT,2017,4.355941313360699,4.99999999373755,4.999999990809466,4.986673488627837,5.005663443340402,0.5073772121027331,4.672412211338867
UT,2018,4.237428445628685,4.949999966943276,4.9499999888433,4.931409493860659,4.954166435063055,0.5447516274762587,4.7695064620002565
UT,2019,4.238682463688138,4.950000007282915,4.950000012010796,4.931531598146646,4.954188453302896,0.5438660913353099,4.769550087962296
UT,2020,4.235287355747086,4.950000001612309,4.949999980272179,4.931354915882229,4.954137020001269,0.5450148512116115,4.771561205168992
UT,2021,4.235202123899886,4.9500000062485245,4.949999988894288,4.932329194185301,4.954405530326445,0.5417166552716624,4.746781652416559
VA,2004,4.511374093665954,5.552003837840127,5.670464620213952,5.508359719853613,5.650641873211181,0.575346189296444,4.750790377495578
VA,2005,4.491920214114687,5.544154386721592,5.667238368456721,5.5018602850427705,5.647070931548161,0.5774018971448136,4.740849606390051
VA,2006,4.491781548381378,5.537498859900329,5.644474019751487,5.496177636928209,5.623536532742108,0.5960071413949719,4.773017447597013
VA,2007,4.519724969261383,5.542799583604913,5.646263745180094,5.5031226395105035,5.626335151760519,0.5896619369927913,4.773001584516153
VA,2008,4.534061401595497,5.521345240944841,5.598529431875199,5.481046626802836,5.58491404208432,0.5866793541460691,4.843886162911994
VA,2009,4.518476860903837,5.521253064243271,5.598994940682774,5.480674561788033,5.58511131867871,0.5975316584266421,4.852739878962768
VA,2010,4.524666483719267,5.491696185774109,5.549588257169751,5.450099502907954,5.539694257097741,0.5873477543809735,4.834877896627661
VA,2011,4.556215131086679,5.495704269502539,5.550437589142893,5.4558802926214645,5.54136212170298,0.5773405379724039,4.830131054641883
VA,2012,4.575010601442903,5.498869391744547,5.551487628667715,5.460095536202396,5.542965738592601,0.5726732082329655,4.830842041590912
VA,2013,4.613403775355712,5.576426074285658,5.680343864873498,5.543992959765218,5.665381109189352,0.5816247665548446,4.872455092455827
VA,2014,4.6302525251909055,5.579193212076085,5.681455428021868,5.547592964179269,5.666891857705457,0.5748370249011425,4.822597036005265
VA,2015,4.629014840910148,5.579391056963924,5.681535995981052,5.547832048181295,5.66700074275785,0.5764292668431703,4.823214663773341
VA,2016,4.64197754752675,5.581523496123316,5.682390125485312,5.5506255005941085,5.668163228150757,0.5721209934704152,4.822573452448806
VA,2017,4.663458551350902,5.5850178339509675,5.683797612409129,5.555119834281828,5.670071324746738,0.5643803073577036,4.821502385795343
VA,2018,4.6852702624643365,5.588962486594557,5.685377929004955,5.560307500202737,5.67220823309719,0.5577886369271146,4.819306202735506
VA,2019,4.566623498749786,5.50664884617968,5.5604064151061445,5.471737865345198,5.524715576984928,0.5740311285486688,4.812496436780884
VA,2020,4.579309204830288,5.509382155358769,5.56230413254838,5.475169118868652,5.527400523942078,0.5696955898818912,4.813397085285128
VA,2021,4.625585766563692,5.5156694341439,5.561873834850922,5.483371662428454,5.527147845309125,0.553945239122533,4.862317770456999
VT,2004,4.53250116243028,7.544857918715923,8.167921748016138,7.434322305636742,7.910994668872838,1.258952714333328,10.523934227482226
VT,2005,4.548070006700442,7.55815128700985,8.173362664788627,7.4463006274855035,7.917483910073985,1.2595709427370094,10.463637424898476
VT,2006,4.521843660893395,7.468022791281654,8.075343273452026,7.3606370194160275,7.824628836800551,1.242397199967915,10.349271263854057
VT,2007,4.505711388694428,7.457500859607216,8.070544497890873,7.350439114056186,7.819020260333171,1.2401215865725401,10.242276191212557
VT,2008,4.508277888900783,7.383923456574797,7.9802079873617675,7.280856243422124,7.7355437875675195,1.2216117399618587,10.110589453315027
VT,2009,4.299166245338531,7.223014133103627,7.864497348312033,7.1252586022546724,7.614717138219687,1.2391189244375322,10.187840063442582
VT,2010,4.257370523532729,7.082387134530912,7.754709583318614,7.012970549060316,7.63650653758338,1.2047532946966477,10.016799229368733
VT,2011,4.228749643417262,6.929542406030955,7.486866446940448,6.836037950502647,7.257793405730824,1.1690355532486318,9.836366275599257
VT,2012,4.234479066842746,6.9254640799062654,7.485074034446348,6.8327895576710445,7.255819264743472,1.1513873466920344,9.367004045752159
VT,2013,4.283099816542905,7.121911560069197,7.741022879055898,7.031752747216327,7.493715421232848,1.1869585474994282,9.486098639852374
VT,2014,4.283892130469872,7.120912085925187,7.740386975784407,7.030889229509589,7.493097561650506,1.1855541892709431,9.468396792190244
VT,2015,4.387418500723481,7.480592181859157,8.209730047389531,7.389352604780242,7.912306258520076,1.2503445719923234,9.710726668554871
VT,2016,4.406306434839371,7.491458510116884,8.213032232654657,7.398810652065807,7.91719237142769,1.2465497219487864,9.685802287504313
VT,2017,4.4420934386855135,7.509273530771335,8.218974330008926,7.41482176639182,7.9267198255375435,1.2405112879754987,9.649166946617768
VT,2018,4.269638661553999,7.207760769789558,7.908955583649951,7.119500364911876,7.6462439717257356,1.2082813847568707,9.678530822427113
VT,2019,4.2549764000393635,7.19885285731481,7.905260989719782,7.111168929544316,7.641837368340762,1.2082865752386707,9.650059654121403
VT,2020,4.246092981137683,7.191708608603081,7.902285409518391,7.104833008813987,7.638376891194909,1.2069210227060756,9.621896974050047
VT,2021,4.315098006259817,7.235090912542316,7.92028015929541,7.144630666380681,7.6597789758012045,1.2095735849460443,10.055720315279935
WA,2004,0.0,0.0,0.0,0.0,0.0,0.0,0.0
WA,2005,0.0,0.0,0.0,0.0,0.0,0.0,0.0
WA,2006,0.0,0.0,0.0,0.0,0.0,0.0,0.0
WA,2007,0.0,0.0,0.0,0.0,0.0,0.0,0.0
WA,2008,0.0,0.0,0.0,0.0,0.0,0.0,0.0
WA,2009,0.0,0.0,0.0,0.0,0.0,0.0,0.0
WA,2010,0.0,0.0,0.0,0.0,0.0,0.0,0.0
WA,2011,0.0,0.0,0.0,0.0,0.0,0.0,0.0
WA,2012,0.0,0.0,0.0,0.0,0.0,0.0,0.0
WA,2013,0.0,0.0,0.0,0.0,0.0,0.0,0.0
WA,2014,0.0,0.0,0.0,0.0,0.0,0.0,0.0
WA,2015,0.0,0.0,0.0,0.0,0.0,0.0,0.0
WA,2016,0.0,0.0,0.0,0.0,0.0,0.0,0.0
WA,2017,0.0,0.0,0.0,0.0,0.0,0.0,0.0
WA,2018,0.0,0.0,0.0,0.0,0.0,0.0,0.0
WA,2019,0.0,0.0,0.0,0.0,0.0,0.0,0.0
WA,2020,0.0,0.0,0.0,0.0,0.0,0.0,0.0
WA,2021,0.0,0.0,0.0,0.0,0.0,0.0,0.0
WI,2004,5.247834852966497,6.591169610402996,6.814421001708557,6.578512367199495,6.8666888195851055,0.8023094646421258,7.299402616116192
WI,2005,5.270599080414815,6.593925039469241,6.816340695869836,6.582178474525713,6.867778063540768,0.7948698136443166,7.278617979098017
WI,2006,5.283776701169416,6.604228491489899,6.8182914657432425,6.590900733896955,6.872982448279484,0.7975406417211284,7.293069192428552
WI,2007,5.275584167281466,6.605992312496363,6.818745399498527,6.592057279380091,6.873963316269358,0.80592302410466,7.321297182442196
WI,2008,5.30706499155238,6.612257324391651,6.820681510299478,6.598368778762495,6.877023325474212,0.794214250159031,7.283310243803272
WI,2009,5.356593310235147,6.989781973977443,7.420140190009975,6.9883143760681605,7.360154071680911,0.9060174954726885,7.747325881265251
WI,2010,5.398961498894354,6.999002401808561,7.424871763259979,6.997837831805005,7.365390576045685,0.8881336583516086,7.69452230246949
WI,2011,5.463555801659368,7.016294632621878,7.433751587848481,7.014192644326126,7.374644876066396,0.8506182363608561,7.322310476174793
WI,2012,5.4644187750577204,7.027690430386825,7.439524629016883,7.023969070395073,7.380558604153038,0.8575075123323894,7.359604597423914
WI,2013,5.2683952770030755,6.854155307843146,7.297636003834898,6.848654451704333,7.249064355245015,0.8484330821995401,7.183276456517275
WI,2014,5.223409214575633,6.85455866075787,7.295033515147947,6.843859690554213,7.246100455365361,0.8680570225331641,7.225095644320964
WI,2015,5.207106773560011,6.854799148134675,7.295128892584171,6.8434878614339265,7.24599929074375,0.8780078525577273,7.25691461508049
WI,2016,5.206434395455397,6.862845957268815,7.299148023930499,6.849991135175928,7.249730112573125,0.8802981660082643,7.2399307537462825
WI,2017,5.2114028892131765,6.821382745250112,7.305656552061064,6.8292344469984485,7.245384502767902,0.8647882373925553,7.189589111497034
WI,2018,5.221047202813132,6.804921534859187,7.302682819701537,6.8215848427293215,7.231484758378426,0.856746614925763,7.17021943635181
WI,2019,5.062186563408696,6.655141887062484,7.087453935821307,6.651239004864066,6.938759038643974,0.866106297412228,7.070134475187267
WI,2020,4.977795256600055,6.635890982490954,7.079190598772298,6.629151116817072,6.927839520954298,0.8902819581670718,7.077928335214382
WI,2021,4.556898122004247,6.224608746297875,6.907204696195374,6.252856201331741,6.723188411057979,0.7968404471593082,6.451861940237087
WV,2004,4.716238853600683,6.1366988295963045,6.356717535769184,6.064401156024159,6.303061079106617,0.6651263274061403,4.641070168829135
WV,2005,4.757074187549928,6.148616324736371,6.361415580844898,6.078397440532227,6.3098367091929095,0.6581368934554854,4.603249063904711
WV,2006,4.7948981516892655,6.1594437366065975,6.365910744453934,6.091217476262206,6.316080831006065,0.6520769597064047,4.59327915191673
WV,2007,4.811474829575463,6.168873979545713,6.3696245271503225,6.102022616138192,6.321436985355693,0.6659764879755503,4.922358145786783
WV,2008,4.8395730893470565,6.181119672643777,6.3744459059151275,6.115611174968946,6.327935426694489,0.6770208392071542,5.265697119104936
WV,2009,4.83063262363749,6.179940928137735,6.373991425797414,6.114179192228692,6.3272705767197746,0.6827469787366258,5.317965420859694
WV,2010,4.8511092242385025,6.185123667859317,6.3760279663133925,6.120283135532346,6.33022115531923,0.6778099639992763,5.302680655367909
WV,2011,4.887291387284621,6.19469968716634,6.379800119827425,6.131522599324483,6.335595414831449,0.6704812899739343,5.28405821578106
WV,2012,4.910445952686528,6.200887230771733,6.382237121638487,6.138804932898567,6.339123851203046,0.6664168395863368,5.296846280186059
WV,2013,4.9260484940899625,6.205285855402375,6.383962094080545,6.144040209020765,6.341715751545664,0.6645747068506624,5.315763080473655
WV,2014,4.944202465643022,6.209984259407261,6.385813810238586,6.149601631817478,6.344406204223269,0.6609710015563874,5.318527232418023
WV,2015,4.943885366178432,6.2103201694351675,6.385948010968682,6.14998985558927,6.344599945276598,0.6623900623187962,5.331709200961542
WV,2016,4.958788684000972,6.213940800805091,6.387370843321087,6.154286986338315,6.346676349423626,0.6587320123449647,5.32770757356193
WV,2017,4.982564481405483,6.219873955064814,6.389715602997316,6.161330873523428,6.350095903993551,0.6534180860740202,5.325669272390788
WV,2018,5.009510493944926,6.226571548406187,6.392348155834339,6.169333327990916,6.353945260998596,0.6473006889126776,5.314479019477345
WV,2019,5.027694629770735,6.2314274972519215,6.394262785220413,6.175122054472482,6.356744437934461,0.644543161763711,5.330240795463578
WV,2020,5.039887399079613,6.234684112743008,6.395549219434781,6.179009585730051,6.358624304651572,0.642768321765208,5.343782769273027
WV,2021,5.0920399365875575,6.246606184316625,6.400239205910186,6.193364260813722,6.365500396097561,0.6280161899956171,5.293022962066635
WY,2004,0.0,0.0,0.0,0.0,0.0,0.0,0.0
WY,2005,0.0,0.0,0.0,0.0,0.0,0.0,0.0
WY,2006,0.0,0.0,0.0,0.0,0.0,0.0,0.0
WY,2007,0.0,0.0,0.0,0.0,0.0,0.0,0.0
WY,2008,0.0,0.0,0.0,0.0,0.0,0.0,0.0
WY,2009,0.0,0.0,0.0,0.0,0.0,0.0,0.0
WY,2010,0.0,0.0,0.0,0.0,0.0,0.0,0.0
WY,2011,0.0,0.0,0.0,0.0,0.0,0.0,0.0
WY,2012,0.0,0.0,0.0,0.0,0.0,0.0,0.0
WY,2013,0.0,0.0,0.0,0.0,0.0,0.0,0.0
WY,2014,0.0,0.0,0.0,0.0,0.0,0.0,0.0
WY,2015,0.0,0.0,0.0,0.0,0.0,0.0,0.0
WY,2016,0.0,0.0,0.0,0.0,0.0,0.0,0.0
WY,2017,0.0,0.0,0.0,0.0,0.0,0.0,0.0
WY,2018,0.0,0.0,0.0,0.0,0.0,0.0,0.0
WY,2019,0.0,0.0,0.0,0.0,0.0,0.0,0.0
WY,2020,0.0,0.0,0.0,0.0,0.0,0.0,0.0
WY,2021,0.0,0.0,0.0,0.0,0.0,0.0,0.0
